AllIntP43000466,OK,200,2821,https://dev-api.va.gov/services/argonaut/v0/AllergyIntolerance?patient=43000466
Con00ffcd7ef1e05515a0c3cd1b8d37c853,OK,200,2542,https://dev-api.va.gov/services/fhir/v0/dstu2/Condition/00ffcd7e-f1e0-5515-a0c3-cd1b8d37c853
Con0a21a9e0d7ee5f6985e3f18a6d39e7d0,OK,200,3185,https://dev-api.va.gov/services/fhir/v0/dstu2/Condition/0a21a9e0-d7ee-5f69-85e3-f18a6d39e7d0
Con0a3aabc749c658edab734616eb842e6a,OK,200,3172,https://dev-api.va.gov/services/fhir/v0/dstu2/Condition/0a3aabc7-49c6-58ed-ab73-4616eb842e6a
Con0aabcd46d87955c8bad4e0803b2bc528,OK,200,3025,https://dev-api.va.gov/services/fhir/v0/dstu2/Condition/0aabcd46-d879-55c8-bad4-e0803b2bc528
Con15a44369fcdd582390ba23a4355480a4,OK,200,3076,https://dev-api.va.gov/services/fhir/v0/dstu2/Condition/15a44369-fcdd-5823-90ba-23a4355480a4
Con1622666f34565e5b91a38fe7e550a44c,OK,200,2152,https://dev-api.va.gov/services/fhir/v0/dstu2/Condition/1622666f-3456-5e5b-91a3-8fe7e550a44c
Con16963fe8846f51ae8f7c31fcafd0c28d,OK,200,2847,https://dev-api.va.gov/services/fhir/v0/dstu2/Condition/16963fe8-846f-51ae-8f7c-31fcafd0c28d
Con2038ee85d34353fe9d3ec6813adf1457,OK,200,3566,https://dev-api.va.gov/services/fhir/v0/dstu2/Condition/2038ee85-d343-53fe-9d3e-c6813adf1457
Con204a77e34351535eb94ec6e71a139a48,OK,200,2138,https://dev-api.va.gov/services/fhir/v0/dstu2/Condition/204a77e3-4351-535e-b94e-c6e71a139a48
Con24125a009e485989891fa2598e4bf9f5,OK,200,2442,https://dev-api.va.gov/services/fhir/v0/dstu2/Condition/24125a00-9e48-5989-891f-a2598e4bf9f5
Con2f1d3815f0fb5795adcf70a09249c24d,OK,200,4258,https://dev-api.va.gov/services/fhir/v0/dstu2/Condition/2f1d3815-f0fb-5795-adcf-70a09249c24d
Con30f4d502c2bd5679b551d3e8d3bf8d1f,OK,200,3088,https://dev-api.va.gov/services/fhir/v0/dstu2/Condition/30f4d502-c2bd-5679-b551-d3e8d3bf8d1f
Con32d8b8f343c3508e9252a402c6ec024c,OK,200,3576,https://dev-api.va.gov/services/fhir/v0/dstu2/Condition/32d8b8f3-43c3-508e-9252-a402c6ec024c
Con3817c007bd0e566d8c57303d4c9c8430,OK,200,2287,https://dev-api.va.gov/services/fhir/v0/dstu2/Condition/3817c007-bd0e-566d-8c57-303d4c9c8430
Con4c128153f86057d3a644a61531784fa0,OK,200,2458,https://dev-api.va.gov/services/fhir/v0/dstu2/Condition/4c128153-f860-57d3-a644-a61531784fa0
Con5e350f052f915507910257b8f269d347,OK,200,3697,https://dev-api.va.gov/services/fhir/v0/dstu2/Condition/5e350f05-2f91-5507-9102-57b8f269d347
Con62244c0cc5405ea8b7c479ff7dbd98f5,OK,200,2411,https://dev-api.va.gov/services/fhir/v0/dstu2/Condition/62244c0c-c540-5ea8-b7c4-79ff7dbd98f5
Con653ce89d69635226a2a47a39023464fb,OK,200,3475,https://dev-api.va.gov/services/fhir/v0/dstu2/Condition/653ce89d-6963-5226-a2a4-7a39023464fb
Con67ffc6ab636c51fdaaf525a450f079e2,OK,200,3047,https://dev-api.va.gov/services/fhir/v0/dstu2/Condition/67ffc6ab-636c-51fd-aaf5-25a450f079e2
Con6d0134d873a9558ab50994a81bcef2bd,OK,200,3563,https://dev-api.va.gov/services/fhir/v0/dstu2/Condition/6d0134d8-73a9-558a-b509-94a81bcef2bd
Con6d2ac11dfaf1519f8df0dd78ff575497,OK,200,3670,https://dev-api.va.gov/services/fhir/v0/dstu2/Condition/6d2ac11d-faf1-519f-8df0-dd78ff575497
Con6e5d996fa7235dc3ae5e78663e4ae4ae,OK,200,2550,https://dev-api.va.gov/services/fhir/v0/dstu2/Condition/6e5d996f-a723-5dc3-ae5e-78663e4ae4ae
Con730849a6d753551fbcd3536b257126ff,OK,200,1790,https://dev-api.va.gov/services/fhir/v0/dstu2/Condition/730849a6-d753-551f-bcd3-536b257126ff
Con755705ecdef056d9a63583ccc1cd109c,OK,200,3220,https://dev-api.va.gov/services/fhir/v0/dstu2/Condition/755705ec-def0-56d9-a635-83ccc1cd109c
Con756266ba6cda59f7a8da822b54409c32,OK,200,4191,https://dev-api.va.gov/services/fhir/v0/dstu2/Condition/756266ba-6cda-59f7-a8da-822b54409c32
Con7fb65a86762e550f9c71fdaabaadff9d,OK,200,2440,https://dev-api.va.gov/services/fhir/v0/dstu2/Condition/7fb65a86-762e-550f-9c71-fdaabaadff9d
Con82951c71ac8d57bb82cea1836dab664a,OK,200,2612,https://dev-api.va.gov/services/fhir/v0/dstu2/Condition/82951c71-ac8d-57bb-82ce-a1836dab664a
Con9465b669cbef56cbae03fcd1bb083a8e,OK,200,2321,https://dev-api.va.gov/services/fhir/v0/dstu2/Condition/9465b669-cbef-56cb-ae03-fcd1bb083a8e
Con94c4434c9fe95fd29d57e5670cbaa747,OK,200,2765,https://dev-api.va.gov/services/fhir/v0/dstu2/Condition/94c4434c-9fe9-5fd2-9d57-e5670cbaa747
Con9769e4f86f7d5198a0929c037f2f4a43,OK,200,2589,https://dev-api.va.gov/services/fhir/v0/dstu2/Condition/9769e4f8-6f7d-5198-a092-9c037f2f4a43
Con9a1a9d4004b85440b93c4d53d03733c2,OK,200,2565,https://dev-api.va.gov/services/fhir/v0/dstu2/Condition/9a1a9d40-04b8-5440-b93c-4d53d03733c2
Con9b19e4cb07345511963eea7b51c3b16f,OK,200,2442,https://dev-api.va.gov/services/fhir/v0/dstu2/Condition/9b19e4cb-0734-5511-963e-ea7b51c3b16f
Con9f892c89d9ed5f768382fd87e5ebfedc,OK,200,1838,https://dev-api.va.gov/services/fhir/v0/dstu2/Condition/9f892c89-d9ed-5f76-8382-fd87e5ebfedc
ConP43000466,OK,200,8616,https://dev-api.va.gov/services/argonaut/v0/Condition?patient=43000466
ConP43000466page2count15,OK,200,6707,https://dev-api.va.gov/services/fhir/v0/dstu2/Condition?patient=43000466&page=2&_count=15
ConP43000466page3count15,OK,200,6417,https://dev-api.va.gov/services/fhir/v0/dstu2/Condition?patient=43000466&page=3&_count=15
ConP43000466page4count15,OK,200,4010,https://dev-api.va.gov/services/fhir/v0/dstu2/Condition?patient=43000466&page=4&_count=15
Cona24acce8c39e59ba941344f8575e41a6,OK,200,1927,https://dev-api.va.gov/services/fhir/v0/dstu2/Condition/a24acce8-c39e-59ba-9413-44f8575e41a6
Conac046103017e50779e9c350053545617,OK,200,2456,https://dev-api.va.gov/services/fhir/v0/dstu2/Condition/ac046103-017e-5077-9e9c-350053545617
Conaff28af62646589c842d95c61f3499ac,OK,200,1838,https://dev-api.va.gov/services/fhir/v0/dstu2/Condition/aff28af6-2646-589c-842d-95c61f3499ac
Conb4e9a535221c59f6a26eecf68be22d3d,OK,200,2747,https://dev-api.va.gov/services/fhir/v0/dstu2/Condition/b4e9a535-221c-59f6-a26e-ecf68be22d3d
Conb942503ade6d58c7baeebd42f9972036,OK,200,1780,https://dev-api.va.gov/services/fhir/v0/dstu2/Condition/b942503a-de6d-58c7-baee-bd42f9972036
Conbc8075bc07325bfba9e8bac90087f220,OK,200,2822,https://dev-api.va.gov/services/fhir/v0/dstu2/Condition/bc8075bc-0732-5bfb-a9e8-bac90087f220
Conbd2d712ad6da57b38139aa5cd731bf70,OK,200,2666,https://dev-api.va.gov/services/fhir/v0/dstu2/Condition/bd2d712a-d6da-57b3-8139-aa5cd731bf70
Conbd935a4497bc58e99acb003d3f532260,OK,200,1930,https://dev-api.va.gov/services/fhir/v0/dstu2/Condition/bd935a44-97bc-58e9-9acb-003d3f532260
Conbf5fbd1004ca509f9a8703d3d3e22ad8,OK,200,1825,https://dev-api.va.gov/services/fhir/v0/dstu2/Condition/bf5fbd10-04ca-509f-9a87-03d3d3e22ad8
Concfde9220f10d563db227e9864ea1e8d3,OK,200,2202,https://dev-api.va.gov/services/fhir/v0/dstu2/Condition/cfde9220-f10d-563d-b227-e9864ea1e8d3
Cond34c121ebd385b29afb9c7a74f512a13,OK,200,1984,https://dev-api.va.gov/services/fhir/v0/dstu2/Condition/d34c121e-bd38-5b29-afb9-c7a74f512a13
Cond47465955782558fb7e6824bae04508b,OK,200,2137,https://dev-api.va.gov/services/fhir/v0/dstu2/Condition/d4746595-5782-558f-b7e6-824bae04508b
Cond7c869e8a3075652bba84626005fd8be,OK,200,2092,https://dev-api.va.gov/services/fhir/v0/dstu2/Condition/d7c869e8-a307-5652-bba8-4626005fd8be
Cond8230ee8712c5186b6a6126ac0456f4e,OK,200,2639,https://dev-api.va.gov/services/fhir/v0/dstu2/Condition/d8230ee8-712c-5186-b6a6-126ac0456f4e
Cone91559dde12857cfab27ed326e1eea87,OK,200,3557,https://dev-api.va.gov/services/fhir/v0/dstu2/Condition/e91559dd-e128-57cf-ab27-ed326e1eea87
Conec64688c05485abab02d1933afbc77d5,OK,200,2234,https://dev-api.va.gov/services/fhir/v0/dstu2/Condition/ec64688c-0548-5aba-b02d-1933afbc77d5
Conf58abcfbfac95b3f9c793256d8dd289d,OK,200,2075,https://dev-api.va.gov/services/fhir/v0/dstu2/Condition/f58abcfb-fac9-5b3f-9c79-3256d8dd289d
Conf673854014135d829e3352e16b18d389,OK,200,2500,https://dev-api.va.gov/services/fhir/v0/dstu2/Condition/f6738540-1413-5d82-9e33-52e16b18d389
Conf8b430aa4d0b5759913a47cf6f111cdf,OK,200,2087,https://dev-api.va.gov/services/fhir/v0/dstu2/Condition/f8b430aa-4d0b-5759-913a-47cf6f111cdf
DiaRepP43000466,INVALID_STATUS,504,30761,https://dev-api.va.gov/services/argonaut/v0/DiagnosticReport?patient=43000466
Imm02c8a843d4ee5850bee42f8b9fc80860,OK,200,2994,https://dev-api.va.gov/services/fhir/v0/dstu2/Immunization/02c8a843-d4ee-5850-bee4-2f8b9fc80860
Imm34349492930d59c0b259efe597a82830,OK,200,3958,https://dev-api.va.gov/services/fhir/v0/dstu2/Immunization/34349492-930d-59c0-b259-efe597a82830
Imm407f5cacb09c57228af443c628275371,OK,200,3806,https://dev-api.va.gov/services/fhir/v0/dstu2/Immunization/407f5cac-b09c-5722-8af4-43c628275371
Imm5b1d23b01c81505dbdfadc295da0be39,OK,200,4196,https://dev-api.va.gov/services/fhir/v0/dstu2/Immunization/5b1d23b0-1c81-505d-bdfa-dc295da0be39
Imm61f2179c16ef56e4bec49e3f5ba8a179,OK,200,3450,https://dev-api.va.gov/services/fhir/v0/dstu2/Immunization/61f2179c-16ef-56e4-bec4-9e3f5ba8a179
Imm6b789886738358299e444e5b5d90ce79,OK,200,2946,https://dev-api.va.gov/services/fhir/v0/dstu2/Immunization/6b789886-7383-5829-9e44-4e5b5d90ce79
ImmP43000466,OK,200,6293,https://dev-api.va.gov/services/argonaut/v0/Immunization?patient=43000466
Immba160f49c9375512a2bf34e0f1d1ac03,OK,200,2748,https://dev-api.va.gov/services/fhir/v0/dstu2/Immunization/ba160f49-c937-5512-a2bf-34e0f1d1ac03
Med150f0cdd93f65f03898394289cf78e22,OK,200,1916,https://dev-api.va.gov/services/fhir/v0/dstu2/Medication/150f0cdd-93f6-5f03-8983-94289cf78e22
Med2780657f18f4566083178fdf051c27c4,OK,200,1655,https://dev-api.va.gov/services/fhir/v0/dstu2/Medication/2780657f-18f4-5660-8317-8fdf051c27c4
Med3afa9329f7735c4ab812c883cbcee291,OK,200,2035,https://dev-api.va.gov/services/fhir/v0/dstu2/Medication/3afa9329-f773-5c4a-b812-c883cbcee291
Med4a62651d1d2f5ee685e9ea967f8ed58b,OK,200,1878,https://dev-api.va.gov/services/fhir/v0/dstu2/Medication/4a62651d-1d2f-5ee6-85e9-ea967f8ed58b
Med677953cb2400522192fca511bf8884e9,OK,200,2045,https://dev-api.va.gov/services/fhir/v0/dstu2/Medication/677953cb-2400-5221-92fc-a511bf8884e9
Med6efa40b2e9205c468a88baa791a26c99,OK,200,1966,https://dev-api.va.gov/services/fhir/v0/dstu2/Medication/6efa40b2-e920-5c46-8a88-baa791a26c99
Med769576223b5b516b9af59f8361dacb31,OK,200,1904,https://dev-api.va.gov/services/fhir/v0/dstu2/Medication/76957622-3b5b-516b-9af5-9f8361dacb31
Med7730dc9f698e5d999c678115398c3f68,OK,200,2027,https://dev-api.va.gov/services/fhir/v0/dstu2/Medication/7730dc9f-698e-5d99-9c67-8115398c3f68
Med78217339dcfd59d5adb66c9b38cb0a11,OK,200,2299,https://dev-api.va.gov/services/fhir/v0/dstu2/Medication/78217339-dcfd-59d5-adb6-6c9b38cb0a11
Med8198d75b6d4f55e48446b5610ea01e93,OK,200,1907,https://dev-api.va.gov/services/fhir/v0/dstu2/Medication/8198d75b-6d4f-55e4-8446-b5610ea01e93
Med9080f61a94bf5d30b2e12c95b1615a9a,OK,200,1849,https://dev-api.va.gov/services/fhir/v0/dstu2/Medication/9080f61a-94bf-5d30-b2e1-2c95b1615a9a
Med9e4102856d595efb83e9779172eacbdb,OK,200,1830,https://dev-api.va.gov/services/fhir/v0/dstu2/Medication/9e410285-6d59-5efb-83e9-779172eacbdb
MedOrdP43000466,INVALID_STATUS,500,8267,https://dev-api.va.gov/services/argonaut/v0/MedicationOrder?patient=43000466
MedSta23fdfc306f57559a8d8f649b8aa642e2,OK,200,2378,https://dev-api.va.gov/services/fhir/v0/dstu2/MedicationStatement/23fdfc30-6f57-559a-8d8f-649b8aa642e2
MedSta31cee0cb8d0e5374b8862ab43ec869a0,OK,200,2456,https://dev-api.va.gov/services/fhir/v0/dstu2/MedicationStatement/31cee0cb-8d0e-5374-b886-2ab43ec869a0
MedSta392ccbc3691a50eb83ed7d6174116609,OK,200,1696,https://dev-api.va.gov/services/fhir/v0/dstu2/MedicationStatement/392ccbc3-691a-50eb-83ed-7d6174116609
MedSta3c7c721e815c51b9a9cf2feba09eed83,OK,200,2354,https://dev-api.va.gov/services/fhir/v0/dstu2/MedicationStatement/3c7c721e-815c-51b9-a9cf-2feba09eed83
MedSta53948054866b5290a228a3968a52a542,OK,200,2354,https://dev-api.va.gov/services/fhir/v0/dstu2/MedicationStatement/53948054-866b-5290-a228-a3968a52a542
MedSta655d93a8821f52529f2b1189d4086bef,OK,200,1874,https://dev-api.va.gov/services/fhir/v0/dstu2/MedicationStatement/655d93a8-821f-5252-9f2b-1189d4086bef
MedSta6ed8ec8c2b215d5b849cf3fa23fa294a,OK,200,2736,https://dev-api.va.gov/services/fhir/v0/dstu2/MedicationStatement/6ed8ec8c-2b21-5d5b-849c-f3fa23fa294a
MedSta7dbab5da86ff50e0a47bb7e5f8c3a9d7,OK,200,2109,https://dev-api.va.gov/services/fhir/v0/dstu2/MedicationStatement/7dbab5da-86ff-50e0-a47b-b7e5f8c3a9d7
MedSta8027a090c1cb556ca88e44882e6ae760,OK,200,2423,https://dev-api.va.gov/services/fhir/v0/dstu2/MedicationStatement/8027a090-c1cb-556c-a88e-44882e6ae760
MedSta8173382855125666aba55df9645e68f0,OK,200,2531,https://dev-api.va.gov/services/fhir/v0/dstu2/MedicationStatement/81733828-5512-5666-aba5-5df9645e68f0
MedSta8899fe39588e582e8152daf2f4251b75,OK,200,2245,https://dev-api.va.gov/services/fhir/v0/dstu2/MedicationStatement/8899fe39-588e-582e-8152-daf2f4251b75
MedSta8afefb09ae745dca94de538196f79c0b,OK,200,2844,https://dev-api.va.gov/services/fhir/v0/dstu2/MedicationStatement/8afefb09-ae74-5dca-94de-538196f79c0b
MedStaP43000466,OK,200,13063,https://dev-api.va.gov/services/argonaut/v0/MedicationStatement?patient=43000466
MedStaP43000466page2count15,OK,200,4041,https://dev-api.va.gov/services/fhir/v0/dstu2/MedicationStatement?patient=43000466&page=2&_count=15
MedStaa019e33e20a859e6ab91805e7410f3ba,OK,200,1927,https://dev-api.va.gov/services/fhir/v0/dstu2/MedicationStatement/a019e33e-20a8-59e6-ab91-805e7410f3ba
MedStaa1492750ffb45c75ab7e0fcd6698d202,OK,200,2252,https://dev-api.va.gov/services/fhir/v0/dstu2/MedicationStatement/a1492750-ffb4-5c75-ab7e-0fcd6698d202
MedStab5a9afc427005e52be341763be485d38,OK,200,2523,https://dev-api.va.gov/services/fhir/v0/dstu2/MedicationStatement/b5a9afc4-2700-5e52-be34-1763be485d38
MedStab979f42d0b9456b7863f3928a84aff01,OK,200,2897,https://dev-api.va.gov/services/fhir/v0/dstu2/MedicationStatement/b979f42d-0b94-56b7-863f-3928a84aff01
MedStabcd7da1ed4af50f5b963c95617097bc7,OK,200,1956,https://dev-api.va.gov/services/fhir/v0/dstu2/MedicationStatement/bcd7da1e-d4af-50f5-b963-c95617097bc7
MedStacd8e9bacd0ec5f3d98fab634d24a2afb,OK,200,1947,https://dev-api.va.gov/services/fhir/v0/dstu2/MedicationStatement/cd8e9bac-d0ec-5f3d-98fa-b634d24a2afb
MedStad9643ae579175263a1dca2769035064d,OK,200,2102,https://dev-api.va.gov/services/fhir/v0/dstu2/MedicationStatement/d9643ae5-7917-5263-a1dc-a2769035064d
MedStadd3f3f25401156ddb273bac15cdf9a29,OK,200,2167,https://dev-api.va.gov/services/fhir/v0/dstu2/MedicationStatement/dd3f3f25-4011-56dd-b273-bac15cdf9a29
MedStae3f8236893b15e3aa988765a1a8a00a6,OK,200,2486,https://dev-api.va.gov/services/fhir/v0/dstu2/MedicationStatement/e3f82368-93b1-5e3a-a988-765a1a8a00a6
Medc03ee841f6375c689da5c6e14c35f329,OK,200,2198,https://dev-api.va.gov/services/fhir/v0/dstu2/Medication/c03ee841-f637-5c68-9da5-c6e14c35f329
Mede6fcb697777d54f39037bedd71b75095,OK,200,1661,https://dev-api.va.gov/services/fhir/v0/dstu2/Medication/e6fcb697-777d-54f3-9037-bedd71b75095
Medef1609b311185e2b8f8a41b29efaa8f6,OK,200,1754,https://dev-api.va.gov/services/fhir/v0/dstu2/Medication/ef1609b3-1118-5e2b-8f8a-41b29efaa8f6
Medf5d9047be5485e0a839666d67e5597b0,OK,200,1854,https://dev-api.va.gov/services/fhir/v0/dstu2/Medication/f5d9047b-e548-5e0a-8396-66d67e5597b0
Medfc69c63239065a8983921c8829ed59f1,OK,200,1839,https://dev-api.va.gov/services/fhir/v0/dstu2/Medication/fc69c632-3906-5a89-8392-1c8829ed59f1
Obs006ec44c5e9950dc9443cbfcc74de142,OK,200,3570,https://dev-api.va.gov/services/fhir/v0/dstu2/Observation/006ec44c-5e99-50dc-9443-cbfcc74de142
Obs00b0dfad2d6c59ffb8324cbfb1cd5f6a,OK,200,3520,https://dev-api.va.gov/services/fhir/v0/dstu2/Observation/00b0dfad-2d6c-59ff-b832-4cbfb1cd5f6a
Obs00c74ac9c79c50b38dde9fef0518f754,OK,200,4347,https://dev-api.va.gov/services/fhir/v0/dstu2/Observation/00c74ac9-c79c-50b3-8dde-9fef0518f754
Obs01126ff23324589385d3a02138b7bade,OK,200,3401,https://dev-api.va.gov/services/fhir/v0/dstu2/Observation/01126ff2-3324-5893-85d3-a02138b7bade
Obs0250becc34175df98346f9054a3d7596,OK,200,3786,https://dev-api.va.gov/services/fhir/v0/dstu2/Observation/0250becc-3417-5df9-8346-f9054a3d7596
Obs029c157657c85b9ba61fcc5c398d1daa,OK,200,4676,https://dev-api.va.gov/services/fhir/v0/dstu2/Observation/029c1576-57c8-5b9b-a61f-cc5c398d1daa
Obs03630594477057db8dba46daf598c861,OK,200,4527,https://dev-api.va.gov/services/fhir/v0/dstu2/Observation/03630594-4770-57db-8dba-46daf598c861
Obs0384d429f6f154e7ab461f1785b979b7,OK,200,2593,https://dev-api.va.gov/services/fhir/v0/dstu2/Observation/0384d429-f6f1-54e7-ab46-1f1785b979b7
Obs03bf2b29af0f5c4e938720c55a90b067,OK,200,5971,https://dev-api.va.gov/services/fhir/v0/dstu2/Observation/03bf2b29-af0f-5c4e-9387-20c55a90b067
Obs03e06b21b05b51f28f065f6ceaf34fac,OK,200,4841,https://dev-api.va.gov/services/fhir/v0/dstu2/Observation/03e06b21-b05b-51f2-8f06-5f6ceaf34fac
Obs03fd66c4a1395608ac3a6cb7b005c6fa,OK,200,3552,https://dev-api.va.gov/services/fhir/v0/dstu2/Observation/03fd66c4-a139-5608-ac3a-6cb7b005c6fa
Obs040cc13365b55963a95f251a96a5fb99,OK,200,4078,https://dev-api.va.gov/services/fhir/v0/dstu2/Observation/040cc133-65b5-5963-a95f-251a96a5fb99
Obs04740c7f13c056228aa4e1e00e47b893,OK,200,4417,https://dev-api.va.gov/services/fhir/v0/dstu2/Observation/04740c7f-13c0-5622-8aa4-e1e00e47b893
Obs053bb95e5af75d81a2a6a83f0e7a64af,OK,200,2177,https://dev-api.va.gov/services/fhir/v0/dstu2/Observation/053bb95e-5af7-5d81-a2a6-a83f0e7a64af
Obs0642e534b65d5f49a07dffee9cfa950e,OK,200,5173,https://dev-api.va.gov/services/fhir/v0/dstu2/Observation/0642e534-b65d-5f49-a07d-ffee9cfa950e
Obs066e1875537d57658b478954e050f4db,OK,200,5695,https://dev-api.va.gov/services/fhir/v0/dstu2/Observation/066e1875-537d-5765-8b47-8954e050f4db
Obs068ad8ddf3ab5262af0593fe60e98b13,OK,200,3097,https://dev-api.va.gov/services/fhir/v0/dstu2/Observation/068ad8dd-f3ab-5262-af05-93fe60e98b13
Obs06d9a107e3675cdc9462eb009be0ba85,OK,200,4936,https://dev-api.va.gov/services/fhir/v0/dstu2/Observation/06d9a107-e367-5cdc-9462-eb009be0ba85
Obs0791bb7f76005d3ba3ae5028ebb90c01,OK,200,4718,https://dev-api.va.gov/services/fhir/v0/dstu2/Observation/0791bb7f-7600-5d3b-a3ae-5028ebb90c01
Obs08e1dc55120c51a4a542678afba5a613,OK,200,3671,https://dev-api.va.gov/services/fhir/v0/dstu2/Observation/08e1dc55-120c-51a4-a542-678afba5a613
Obs0a43d46cf41457e08ba38b1e9e417358,OK,200,3463,https://dev-api.va.gov/services/fhir/v0/dstu2/Observation/0a43d46c-f414-57e0-8ba3-8b1e9e417358
Obs0a78919363e755f3a6aac1cec9465835,OK,200,5245,https://dev-api.va.gov/services/fhir/v0/dstu2/Observation/0a789193-63e7-55f3-a6aa-c1cec9465835
Obs0b4462213fbb57b9b44d560977330e08,OK,200,2880,https://dev-api.va.gov/services/fhir/v0/dstu2/Observation/0b446221-3fbb-57b9-b44d-560977330e08
Obs0b4bfe30b064528d8a4ad6ac4e4461f5,OK,200,4812,https://dev-api.va.gov/services/fhir/v0/dstu2/Observation/0b4bfe30-b064-528d-8a4a-d6ac4e4461f5
Obs0c4515fecae95fc1996114b15ffd1999,OK,200,4749,https://dev-api.va.gov/services/fhir/v0/dstu2/Observation/0c4515fe-cae9-5fc1-9961-14b15ffd1999
Obs0da88411e7b8587da78e4a11a8aa89e2,OK,200,4083,https://dev-api.va.gov/services/fhir/v0/dstu2/Observation/0da88411-e7b8-587d-a78e-4a11a8aa89e2
Obs0e2e3a37077951b8b508d00cf2cf1fe9,OK,200,3142,https://dev-api.va.gov/services/fhir/v0/dstu2/Observation/0e2e3a37-0779-51b8-b508-d00cf2cf1fe9
Obs0f072429763a5e4a9d7f3060058f8290,OK,200,3410,https://dev-api.va.gov/services/fhir/v0/dstu2/Observation/0f072429-763a-5e4a-9d7f-3060058f8290
Obs0f0aadbb6c075500bbd58d867ccf8d0e,OK,200,4256,https://dev-api.va.gov/services/fhir/v0/dstu2/Observation/0f0aadbb-6c07-5500-bbd5-8d867ccf8d0e
Obs0f1b3f5625715c01a7e669ab92652aac,OK,200,4512,https://dev-api.va.gov/services/fhir/v0/dstu2/Observation/0f1b3f56-2571-5c01-a7e6-69ab92652aac
Obs0f8ab313b01e5922867c70115e2816b1,OK,200,4387,https://dev-api.va.gov/services/fhir/v0/dstu2/Observation/0f8ab313-b01e-5922-867c-70115e2816b1
Obs0fb435cb3a2151618f0980de5b68f76f,OK,200,4355,https://dev-api.va.gov/services/fhir/v0/dstu2/Observation/0fb435cb-3a21-5161-8f09-80de5b68f76f
Obs0fffd8fd3251595294d611603e1ddf5a,OK,200,4115,https://dev-api.va.gov/services/fhir/v0/dstu2/Observation/0fffd8fd-3251-5952-94d6-11603e1ddf5a
Obs1076f68d52395094aec520333f13b699,OK,200,4812,https://dev-api.va.gov/services/fhir/v0/dstu2/Observation/1076f68d-5239-5094-aec5-20333f13b699
Obs1079ec37ee655dd4b0b8dd04cc79d97b,OK,200,4461,https://dev-api.va.gov/services/fhir/v0/dstu2/Observation/1079ec37-ee65-5dd4-b0b8-dd04cc79d97b
Obs107c3c61a9fe5480bde8ddc06e37d791,OK,200,4205,https://dev-api.va.gov/services/fhir/v0/dstu2/Observation/107c3c61-a9fe-5480-bde8-ddc06e37d791
Obs1185402fe0425911bc9fead5e2c7811c,OK,200,4553,https://dev-api.va.gov/services/fhir/v0/dstu2/Observation/1185402f-e042-5911-bc9f-ead5e2c7811c
Obs11f2d9dce40f5f9da1138137a9a52c2d,OK,200,4438,https://dev-api.va.gov/services/fhir/v0/dstu2/Observation/11f2d9dc-e40f-5f9d-a113-8137a9a52c2d
Obs1215064a04835eb79aa2a69bf02c1cf1,OK,200,4794,https://dev-api.va.gov/services/fhir/v0/dstu2/Observation/1215064a-0483-5eb7-9aa2-a69bf02c1cf1
Obs12b12dfc0c7553acba222ca977d32bce,OK,200,3721,https://dev-api.va.gov/services/fhir/v0/dstu2/Observation/12b12dfc-0c75-53ac-ba22-2ca977d32bce
Obs1317a3df63f15f29a9a841c00d67a6f9,OK,200,4545,https://dev-api.va.gov/services/fhir/v0/dstu2/Observation/1317a3df-63f1-5f29-a9a8-41c00d67a6f9
Obs1378bf93f6b758e288b23ade3549eb74,OK,200,4418,https://dev-api.va.gov/services/fhir/v0/dstu2/Observation/1378bf93-f6b7-58e2-88b2-3ade3549eb74
Obs140f640f99475d198b977f1c229319af,OK,200,4373,https://dev-api.va.gov/services/fhir/v0/dstu2/Observation/140f640f-9947-5d19-8b97-7f1c229319af
Obs1441958806dd52959c635e896ee0b4bf,OK,200,2533,https://dev-api.va.gov/services/fhir/v0/dstu2/Observation/14419588-06dd-5295-9c63-5e896ee0b4bf
Obs1453a4c3b6ad59529ccdc7eb62ca0007,OK,200,3339,https://dev-api.va.gov/services/fhir/v0/dstu2/Observation/1453a4c3-b6ad-5952-9ccd-c7eb62ca0007
Obs15f850aee4b85af3859b85f1a5040534,OK,200,4259,https://dev-api.va.gov/services/fhir/v0/dstu2/Observation/15f850ae-e4b8-5af3-859b-85f1a5040534
Obs16141f507a955e029e4ec2ec389f0311,OK,200,4303,https://dev-api.va.gov/services/fhir/v0/dstu2/Observation/16141f50-7a95-5e02-9e4e-c2ec389f0311
Obs164967e85e7f5ed59dec0f351d9a09e9,OK,200,4503,https://dev-api.va.gov/services/fhir/v0/dstu2/Observation/164967e8-5e7f-5ed5-9dec-0f351d9a09e9
Obs169f950dbf42548985650ee1b0bfc7fc,OK,200,3093,https://dev-api.va.gov/services/fhir/v0/dstu2/Observation/169f950d-bf42-5489-8565-0ee1b0bfc7fc
Obs176e1416afb05b7887b9d5f6359d603d,OK,200,2643,https://dev-api.va.gov/services/fhir/v0/dstu2/Observation/176e1416-afb0-5b78-87b9-d5f6359d603d
Obs179723431bff5398baf2751e74256323,OK,200,3287,https://dev-api.va.gov/services/fhir/v0/dstu2/Observation/17972343-1bff-5398-baf2-751e74256323
Obs17b1c4e6ed015d51887992c74cc5a8c4,OK,200,4626,https://dev-api.va.gov/services/fhir/v0/dstu2/Observation/17b1c4e6-ed01-5d51-8879-92c74cc5a8c4
Obs17de32e84deb50c1b8a95b3b382092e6,OK,200,2749,https://dev-api.va.gov/services/fhir/v0/dstu2/Observation/17de32e8-4deb-50c1-b8a9-5b3b382092e6
Obs18036c22ef2e5385b92c1c35444a2aeb,OK,200,4558,https://dev-api.va.gov/services/fhir/v0/dstu2/Observation/18036c22-ef2e-5385-b92c-1c35444a2aeb
Obs18dc3fb3fca158d2acf6c90fff8ecd9f,OK,200,3478,https://dev-api.va.gov/services/fhir/v0/dstu2/Observation/18dc3fb3-fca1-58d2-acf6-c90fff8ecd9f
Obs19470107ab7f595aa534b3e9f6273ed8,OK,200,4981,https://dev-api.va.gov/services/fhir/v0/dstu2/Observation/19470107-ab7f-595a-a534-b3e9f6273ed8
Obs1a298aa8264f5de7bd05c64cd944c453,OK,200,4733,https://dev-api.va.gov/services/fhir/v0/dstu2/Observation/1a298aa8-264f-5de7-bd05-c64cd944c453
Obs1a2bedc1d57857b1a5e3d605b1230132,OK,200,4942,https://dev-api.va.gov/services/fhir/v0/dstu2/Observation/1a2bedc1-d578-57b1-a5e3-d605b1230132
Obs1a8cbdf4d5745f0e857c7081023933ed,OK,200,3882,https://dev-api.va.gov/services/fhir/v0/dstu2/Observation/1a8cbdf4-d574-5f0e-857c-7081023933ed
Obs1aa80b3e1b725dc5b3d2d75aee59e6f0,OK,200,3899,https://dev-api.va.gov/services/fhir/v0/dstu2/Observation/1aa80b3e-1b72-5dc5-b3d2-d75aee59e6f0
Obs1b8d47c417ad528086c674e1b493a0ec,OK,200,4376,https://dev-api.va.gov/services/fhir/v0/dstu2/Observation/1b8d47c4-17ad-5280-86c6-74e1b493a0ec
Obs1bc6d0509591548f9dcca28f4cc74f50,OK,200,4386,https://dev-api.va.gov/services/fhir/v0/dstu2/Observation/1bc6d050-9591-548f-9dcc-a28f4cc74f50
Obs1c2f4a17e0495612bdf22175813d3b33,OK,200,4932,https://dev-api.va.gov/services/fhir/v0/dstu2/Observation/1c2f4a17-e049-5612-bdf2-2175813d3b33
Obs1d478b5c6095564880f93f156535c288,OK,200,4664,https://dev-api.va.gov/services/fhir/v0/dstu2/Observation/1d478b5c-6095-5648-80f9-3f156535c288
Obs1e6d541a07a650139b169d8cffa8b628,OK,200,3708,https://dev-api.va.gov/services/fhir/v0/dstu2/Observation/1e6d541a-07a6-5013-9b16-9d8cffa8b628
Obs1ea7973ab7955d068e9f3b3fb06c33e4,OK,200,3337,https://dev-api.va.gov/services/fhir/v0/dstu2/Observation/1ea7973a-b795-5d06-8e9f-3b3fb06c33e4
Obs1ed3680a9aed548f8c19f8f0c93f73a1,OK,200,4903,https://dev-api.va.gov/services/fhir/v0/dstu2/Observation/1ed3680a-9aed-548f-8c19-f8f0c93f73a1
Obs1f6782b8c66d58869f0aaadd6a47830a,OK,200,3439,https://dev-api.va.gov/services/fhir/v0/dstu2/Observation/1f6782b8-c66d-5886-9f0a-aadd6a47830a
Obs1fe9a485f45a57aa87f31a6fc2f58de6,OK,200,3781,https://dev-api.va.gov/services/fhir/v0/dstu2/Observation/1fe9a485-f45a-57aa-87f3-1a6fc2f58de6
Obs201c2a8923be590b91d17ba80b90283c,OK,200,5170,https://dev-api.va.gov/services/fhir/v0/dstu2/Observation/201c2a89-23be-590b-91d1-7ba80b90283c
Obs2054ca7ae9525d39878d5cb8e6065b0b,OK,200,4289,https://dev-api.va.gov/services/fhir/v0/dstu2/Observation/2054ca7a-e952-5d39-878d-5cb8e6065b0b
Obs21a25ce293c353bca0373f4480afb273,OK,200,4514,https://dev-api.va.gov/services/fhir/v0/dstu2/Observation/21a25ce2-93c3-53bc-a037-3f4480afb273
Obs21e146473902534a8060b88029bfe595,OK,200,4431,https://dev-api.va.gov/services/fhir/v0/dstu2/Observation/21e14647-3902-534a-8060-b88029bfe595
Obs21ecb5547e4e579dae8a70053d807a1c,OK,200,2774,https://dev-api.va.gov/services/fhir/v0/dstu2/Observation/21ecb554-7e4e-579d-ae8a-70053d807a1c
Obs22ba694259935723aafc972dc78728e9,OK,200,4729,https://dev-api.va.gov/services/fhir/v0/dstu2/Observation/22ba6942-5993-5723-aafc-972dc78728e9
Obs25139753056a5926b8a41b12e28826db,OK,200,4432,https://dev-api.va.gov/services/fhir/v0/dstu2/Observation/25139753-056a-5926-b8a4-1b12e28826db
Obs26a1889515415f56bb74a93b3778062b,OK,200,3676,https://dev-api.va.gov/services/fhir/v0/dstu2/Observation/26a18895-1541-5f56-bb74-a93b3778062b
Obs26ce7f8779f95aa984ceabf4ada5a221,OK,200,5105,https://dev-api.va.gov/services/fhir/v0/dstu2/Observation/26ce7f87-79f9-5aa9-84ce-abf4ada5a221
Obs26eb3fd16ade59129aea712c969c5b59,OK,200,4705,https://dev-api.va.gov/services/fhir/v0/dstu2/Observation/26eb3fd1-6ade-5912-9aea-712c969c5b59
Obs285ed4053c095a1fbbbe41e82bece695,OK,200,5036,https://dev-api.va.gov/services/fhir/v0/dstu2/Observation/285ed405-3c09-5a1f-bbbe-41e82bece695
Obs2a0e7874708f56bcb1f9b5bff8ec8899,OK,200,4799,https://dev-api.va.gov/services/fhir/v0/dstu2/Observation/2a0e7874-708f-56bc-b1f9-b5bff8ec8899
Obs2a6b5e7e11f55424bd9a70fb5902b9be,OK,200,3896,https://dev-api.va.gov/services/fhir/v0/dstu2/Observation/2a6b5e7e-11f5-5424-bd9a-70fb5902b9be
Obs2aa8b85a93825e5cad5a28a3bab81049,OK,200,4262,https://dev-api.va.gov/services/fhir/v0/dstu2/Observation/2aa8b85a-9382-5e5c-ad5a-28a3bab81049
Obs2b889e1d38015eb9b4fb02c0f8bb15b9,OK,200,4981,https://dev-api.va.gov/services/fhir/v0/dstu2/Observation/2b889e1d-3801-5eb9-b4fb-02c0f8bb15b9
Obs2ba228fdb0eb5eee8809bfac713ea5f9,OK,200,3237,https://dev-api.va.gov/services/fhir/v0/dstu2/Observation/2ba228fd-b0eb-5eee-8809-bfac713ea5f9
Obs2baf92f2cc64566eb72c09f1056d402d,OK,200,4457,https://dev-api.va.gov/services/fhir/v0/dstu2/Observation/2baf92f2-cc64-566e-b72c-09f1056d402d
Obs2bed6dd7917b55b196a97f2d6a403d0d,OK,200,3476,https://dev-api.va.gov/services/fhir/v0/dstu2/Observation/2bed6dd7-917b-55b1-96a9-7f2d6a403d0d
Obs2d8cabc0112f5f51988b6e3474f5e80b,OK,200,4404,https://dev-api.va.gov/services/fhir/v0/dstu2/Observation/2d8cabc0-112f-5f51-988b-6e3474f5e80b
Obs2d9b2f2009ab59d4b3ebb60832628b0c,OK,200,2901,https://dev-api.va.gov/services/fhir/v0/dstu2/Observation/2d9b2f20-09ab-59d4-b3eb-b60832628b0c
Obs2e0af84f6cda59fbb2c8f1c0d928d585,OK,200,4658,https://dev-api.va.gov/services/fhir/v0/dstu2/Observation/2e0af84f-6cda-59fb-b2c8-f1c0d928d585
Obs2e2167f00e8e57aab7abcd2797e17b5a,OK,200,2271,https://dev-api.va.gov/services/fhir/v0/dstu2/Observation/2e2167f0-0e8e-57aa-b7ab-cd2797e17b5a
Obs2e9687cde95252f0b9d1f3c459d9330f,OK,200,4437,https://dev-api.va.gov/services/fhir/v0/dstu2/Observation/2e9687cd-e952-52f0-b9d1-f3c459d9330f
Obs2f78253c3296565b971b053a7c329583,OK,200,5108,https://dev-api.va.gov/services/fhir/v0/dstu2/Observation/2f78253c-3296-565b-971b-053a7c329583
Obs2f950be220b159d395b468a283d6a008,OK,200,5423,https://dev-api.va.gov/services/fhir/v0/dstu2/Observation/2f950be2-20b1-59d3-95b4-68a283d6a008
Obs3095ce05d6b55bb7b7f4e0f58ffc0887,OK,200,3621,https://dev-api.va.gov/services/fhir/v0/dstu2/Observation/3095ce05-d6b5-5bb7-b7f4-e0f58ffc0887
Obs3152fc8d6bd35995a054b17a98b3aded,OK,200,4852,https://dev-api.va.gov/services/fhir/v0/dstu2/Observation/3152fc8d-6bd3-5995-a054-b17a98b3aded
Obs31a68617362f538784aedbfc86e9827d,OK,200,3464,https://dev-api.va.gov/services/fhir/v0/dstu2/Observation/31a68617-362f-5387-84ae-dbfc86e9827d
Obs31b5939665335d3e9e19a4fe8467c532,OK,200,3082,https://dev-api.va.gov/services/fhir/v0/dstu2/Observation/31b59396-6533-5d3e-9e19-a4fe8467c532
Obs32f8c4d419d7566180defb8b01cf102b,OK,200,2825,https://dev-api.va.gov/services/fhir/v0/dstu2/Observation/32f8c4d4-19d7-5661-80de-fb8b01cf102b
Obs3303997d2ab15be7bfcc930aa930b5f4,OK,200,4731,https://dev-api.va.gov/services/fhir/v0/dstu2/Observation/3303997d-2ab1-5be7-bfcc-930aa930b5f4
Obs33b730f2ffcb5c0a801d9b2885ec5768,OK,200,4831,https://dev-api.va.gov/services/fhir/v0/dstu2/Observation/33b730f2-ffcb-5c0a-801d-9b2885ec5768
Obs33ebd1ebc0e059088911522dc4c6763f,OK,200,3794,https://dev-api.va.gov/services/fhir/v0/dstu2/Observation/33ebd1eb-c0e0-5908-8911-522dc4c6763f
Obs34460fa90990584da17ec5e871865a86,OK,200,2907,https://dev-api.va.gov/services/fhir/v0/dstu2/Observation/34460fa9-0990-584d-a17e-c5e871865a86
Obs3478a2754a0b5dab9b533de511aec7e4,OK,200,5047,https://dev-api.va.gov/services/fhir/v0/dstu2/Observation/3478a275-4a0b-5dab-9b53-3de511aec7e4
Obs35833e5125ed531089b087f32d6e12b6,OK,200,4908,https://dev-api.va.gov/services/fhir/v0/dstu2/Observation/35833e51-25ed-5310-89b0-87f32d6e12b6
Obs358c6b2051ca50488340bc1d036fc4c1,OK,200,2986,https://dev-api.va.gov/services/fhir/v0/dstu2/Observation/358c6b20-51ca-5048-8340-bc1d036fc4c1
Obs3607f69d89ee52d5acc729c8e7623eea,OK,200,3045,https://dev-api.va.gov/services/fhir/v0/dstu2/Observation/3607f69d-89ee-52d5-acc7-29c8e7623eea
Obs3674bdcf9300537fb9f29b5578fb96c0,OK,200,2485,https://dev-api.va.gov/services/fhir/v0/dstu2/Observation/3674bdcf-9300-537f-b9f2-9b5578fb96c0
Obs375095f1c22a53f5b2c21612544bfcd3,OK,200,3941,https://dev-api.va.gov/services/fhir/v0/dstu2/Observation/375095f1-c22a-53f5-b2c2-1612544bfcd3
Obs385c3207a9855b84a7ce543f04e54259,OK,200,4676,https://dev-api.va.gov/services/fhir/v0/dstu2/Observation/385c3207-a985-5b84-a7ce-543f04e54259
Obs38ab9c4c83ed5824b2c9f1337379cc67,OK,200,4330,https://dev-api.va.gov/services/fhir/v0/dstu2/Observation/38ab9c4c-83ed-5824-b2c9-f1337379cc67
Obs38ac650de62a5a66841b5aaf5ea4ae7b,OK,200,5777,https://dev-api.va.gov/services/fhir/v0/dstu2/Observation/38ac650d-e62a-5a66-841b-5aaf5ea4ae7b
Obs39e361c478025fa4b56ac42b1b99c181,OK,200,4174,https://dev-api.va.gov/services/fhir/v0/dstu2/Observation/39e361c4-7802-5fa4-b56a-c42b1b99c181
Obs3a26dd5fca6e5b7bb9502fbe8999af80,OK,200,5166,https://dev-api.va.gov/services/fhir/v0/dstu2/Observation/3a26dd5f-ca6e-5b7b-b950-2fbe8999af80
Obs3a53e39dc82c5d78a3bff44a6ffa7ff7,OK,200,2694,https://dev-api.va.gov/services/fhir/v0/dstu2/Observation/3a53e39d-c82c-5d78-a3bf-f44a6ffa7ff7
Obs3a6c831c3fdc59acb7c8db64aa0ebf8b,OK,200,4425,https://dev-api.va.gov/services/fhir/v0/dstu2/Observation/3a6c831c-3fdc-59ac-b7c8-db64aa0ebf8b
Obs3be01473255159b588b1add0e2075825,OK,200,4081,https://dev-api.va.gov/services/fhir/v0/dstu2/Observation/3be01473-2551-59b5-88b1-add0e2075825
Obs3c397b6703be537b8007350e00c33a15,OK,200,4016,https://dev-api.va.gov/services/fhir/v0/dstu2/Observation/3c397b67-03be-537b-8007-350e00c33a15
Obs3c63953411a35a8b84c165f2b90b6dcc,OK,200,5865,https://dev-api.va.gov/services/fhir/v0/dstu2/Observation/3c639534-11a3-5a8b-84c1-65f2b90b6dcc
Obs3cdf575d15b05e5f8b00d444be474d90,OK,200,3529,https://dev-api.va.gov/services/fhir/v0/dstu2/Observation/3cdf575d-15b0-5e5f-8b00-d444be474d90
Obs3cffe7cbbc355d28a727a634d755dab9,OK,200,4103,https://dev-api.va.gov/services/fhir/v0/dstu2/Observation/3cffe7cb-bc35-5d28-a727-a634d755dab9
Obs3dd6b7e4e81e551ab1dfc0c20148e5b4,OK,200,2867,https://dev-api.va.gov/services/fhir/v0/dstu2/Observation/3dd6b7e4-e81e-551a-b1df-c0c20148e5b4
Obs3dea3a5e6f5959f4ae41d85972dcad05,OK,200,3371,https://dev-api.va.gov/services/fhir/v0/dstu2/Observation/3dea3a5e-6f59-59f4-ae41-d85972dcad05
Obs3e25ea7079e051529700e8589bc5a862,OK,200,4095,https://dev-api.va.gov/services/fhir/v0/dstu2/Observation/3e25ea70-79e0-5152-9700-e8589bc5a862
Obs3e4977d726485e0ab6f13f2cf5dc2914,OK,200,3459,https://dev-api.va.gov/services/fhir/v0/dstu2/Observation/3e4977d7-2648-5e0a-b6f1-3f2cf5dc2914
Obs3e7225b22f8c50268d1c592d5816c011,OK,200,3448,https://dev-api.va.gov/services/fhir/v0/dstu2/Observation/3e7225b2-2f8c-5026-8d1c-592d5816c011
Obs3e7b5515ea865bafb2a44421aefac20d,OK,200,1958,https://dev-api.va.gov/services/fhir/v0/dstu2/Observation/3e7b5515-ea86-5baf-b2a4-4421aefac20d
Obs3e82d35a55fc5202b13cb559cb2368c8,OK,200,4779,https://dev-api.va.gov/services/fhir/v0/dstu2/Observation/3e82d35a-55fc-5202-b13c-b559cb2368c8
Obs3ed949f7bbb95d54a4d4ffc05a64a4ef,OK,200,3396,https://dev-api.va.gov/services/fhir/v0/dstu2/Observation/3ed949f7-bbb9-5d54-a4d4-ffc05a64a4ef
Obs3f976d27b6dd518eba400586b79b382f,OK,200,3496,https://dev-api.va.gov/services/fhir/v0/dstu2/Observation/3f976d27-b6dd-518e-ba40-0586b79b382f
Obs401ed34812455eb89d6ea5baf4d666f5,OK,200,3470,https://dev-api.va.gov/services/fhir/v0/dstu2/Observation/401ed348-1245-5eb8-9d6e-a5baf4d666f5
Obs403d8a4126e15c2fb70c581ad7d7ee40,OK,200,4421,https://dev-api.va.gov/services/fhir/v0/dstu2/Observation/403d8a41-26e1-5c2f-b70c-581ad7d7ee40
Obs4066d5c2881356b89cc6e623204de26a,OK,200,4581,https://dev-api.va.gov/services/fhir/v0/dstu2/Observation/4066d5c2-8813-56b8-9cc6-e623204de26a
Obs40a1f353c409569ebf9408ae02eb0707,OK,200,3709,https://dev-api.va.gov/services/fhir/v0/dstu2/Observation/40a1f353-c409-569e-bf94-08ae02eb0707
Obs40abc974be975ec498b2bb6b9f351498,OK,200,4947,https://dev-api.va.gov/services/fhir/v0/dstu2/Observation/40abc974-be97-5ec4-98b2-bb6b9f351498
Obs4116de88d1ba5ec4bcc018390e3d20dc,OK,200,3646,https://dev-api.va.gov/services/fhir/v0/dstu2/Observation/4116de88-d1ba-5ec4-bcc0-18390e3d20dc
Obs425aec07c7f95ee3a7fc5f3a347fdaa5,OK,200,4465,https://dev-api.va.gov/services/fhir/v0/dstu2/Observation/425aec07-c7f9-5ee3-a7fc-5f3a347fdaa5
Obs42a273385b1b5d21a0dff56fe948c435,OK,200,2556,https://dev-api.va.gov/services/fhir/v0/dstu2/Observation/42a27338-5b1b-5d21-a0df-f56fe948c435
Obs43c30866238652bea869277425389063,OK,200,4515,https://dev-api.va.gov/services/fhir/v0/dstu2/Observation/43c30866-2386-52be-a869-277425389063
Obs449e760936fb591691cf21bf7c95dbab,OK,200,4587,https://dev-api.va.gov/services/fhir/v0/dstu2/Observation/449e7609-36fb-5916-91cf-21bf7c95dbab
Obs44f7a5bf511e5b11bd355b7a4f62ae81,OK,200,2999,https://dev-api.va.gov/services/fhir/v0/dstu2/Observation/44f7a5bf-511e-5b11-bd35-5b7a4f62ae81
Obs4576464bf50e5f3c828b1fe3d8b538f2,OK,200,4839,https://dev-api.va.gov/services/fhir/v0/dstu2/Observation/4576464b-f50e-5f3c-828b-1fe3d8b538f2
Obs45bdb92b44f552cba0099cbb521a323e,OK,200,3769,https://dev-api.va.gov/services/fhir/v0/dstu2/Observation/45bdb92b-44f5-52cb-a009-9cbb521a323e
Obs45c2d73cc76c5804a08e5bbac33d285e,OK,200,4429,https://dev-api.va.gov/services/fhir/v0/dstu2/Observation/45c2d73c-c76c-5804-a08e-5bbac33d285e
Obs460cbf3b58f55d45b41845e08e1baeb7,OK,200,4539,https://dev-api.va.gov/services/fhir/v0/dstu2/Observation/460cbf3b-58f5-5d45-b418-45e08e1baeb7
Obs4618ef3b1c7c5a3397f96acef8918dab,OK,200,4367,https://dev-api.va.gov/services/fhir/v0/dstu2/Observation/4618ef3b-1c7c-5a33-97f9-6acef8918dab
Obs46852951f44a5fc3b8756bed4dfdb670,OK,200,2870,https://dev-api.va.gov/services/fhir/v0/dstu2/Observation/46852951-f44a-5fc3-b875-6bed4dfdb670
Obs46b58f58c36859929c467f895dce3271,OK,200,5537,https://dev-api.va.gov/services/fhir/v0/dstu2/Observation/46b58f58-c368-5992-9c46-7f895dce3271
Obs46b9cd8af7f558dd8eabc9f0b80f0c48,OK,200,3633,https://dev-api.va.gov/services/fhir/v0/dstu2/Observation/46b9cd8a-f7f5-58dd-8eab-c9f0b80f0c48
Obs46eb125ac24457ecbc6ee1f12e85200b,OK,200,3601,https://dev-api.va.gov/services/fhir/v0/dstu2/Observation/46eb125a-c244-57ec-bc6e-e1f12e85200b
Obs471ad471590c5cf9942d692c0cfd5f8a,OK,200,5751,https://dev-api.va.gov/services/fhir/v0/dstu2/Observation/471ad471-590c-5cf9-942d-692c0cfd5f8a
Obs473ad06c67a85ab2b3a0cb625eeff9e5,OK,200,4625,https://dev-api.va.gov/services/fhir/v0/dstu2/Observation/473ad06c-67a8-5ab2-b3a0-cb625eeff9e5
Obs47d739e0a10b58b3842fec25086d0593,OK,200,3064,https://dev-api.va.gov/services/fhir/v0/dstu2/Observation/47d739e0-a10b-58b3-842f-ec25086d0593
Obs4958216409b25c4e9d7994c3df9023f7,OK,200,3470,https://dev-api.va.gov/services/fhir/v0/dstu2/Observation/49582164-09b2-5c4e-9d79-94c3df9023f7
Obs49c288bbc36854bba6acba8e7aa5acdf,OK,200,4452,https://dev-api.va.gov/services/fhir/v0/dstu2/Observation/49c288bb-c368-54bb-a6ac-ba8e7aa5acdf
Obs4a327de7f5bd5dd0a32e6e1a11cad786,OK,200,1870,https://dev-api.va.gov/services/fhir/v0/dstu2/Observation/4a327de7-f5bd-5dd0-a32e-6e1a11cad786
Obs4ac4f10eeef253959c2e258e0a2477b5,OK,200,4208,https://dev-api.va.gov/services/fhir/v0/dstu2/Observation/4ac4f10e-eef2-5395-9c2e-258e0a2477b5
Obs4b2a1096ee005ec68e3b1935b66cd707,OK,200,3661,https://dev-api.va.gov/services/fhir/v0/dstu2/Observation/4b2a1096-ee00-5ec6-8e3b-1935b66cd707
Obs4beddbdb759252df86af0955898482c8,OK,200,1898,https://dev-api.va.gov/services/fhir/v0/dstu2/Observation/4beddbdb-7592-52df-86af-0955898482c8
Obs4c50c57968c7560cb01598aefa009077,OK,200,4825,https://dev-api.va.gov/services/fhir/v0/dstu2/Observation/4c50c579-68c7-560c-b015-98aefa009077
Obs4d94b860635f5aa78efeeb5a0e5b34f8,OK,200,3594,https://dev-api.va.gov/services/fhir/v0/dstu2/Observation/4d94b860-635f-5aa7-8efe-eb5a0e5b34f8
Obs4e044accb4f95b15be6689f39b9bf1e0,OK,200,2334,https://dev-api.va.gov/services/fhir/v0/dstu2/Observation/4e044acc-b4f9-5b15-be66-89f39b9bf1e0
Obs4f0700c88ba85f1589779ba6feda4a13,OK,200,3276,https://dev-api.va.gov/services/fhir/v0/dstu2/Observation/4f0700c8-8ba8-5f15-8977-9ba6feda4a13
Obs4f6ba4c28eec551294c90d3b9ad407bb,OK,200,4295,https://dev-api.va.gov/services/fhir/v0/dstu2/Observation/4f6ba4c2-8eec-5512-94c9-0d3b9ad407bb
Obs50345e77717154b7b8dd608e4d0ca20e,OK,200,3757,https://dev-api.va.gov/services/fhir/v0/dstu2/Observation/50345e77-7171-54b7-b8dd-608e4d0ca20e
Obs504896f85a8550ec82fcf5aaa6010641,OK,200,3669,https://dev-api.va.gov/services/fhir/v0/dstu2/Observation/504896f8-5a85-50ec-82fc-f5aaa6010641
Obs517fc8e8545b5aca8887756beb646900,OK,200,5885,https://dev-api.va.gov/services/fhir/v0/dstu2/Observation/517fc8e8-545b-5aca-8887-756beb646900
Obs53393c44910d5701a1ecba041a0e77d2,OK,200,1876,https://dev-api.va.gov/services/fhir/v0/dstu2/Observation/53393c44-910d-5701-a1ec-ba041a0e77d2
Obs53a97dd6a4645884ad4aa2674210b348,OK,200,3907,https://dev-api.va.gov/services/fhir/v0/dstu2/Observation/53a97dd6-a464-5884-ad4a-a2674210b348
Obs544d6ff02de856c48e16a9e96f00b6b7,OK,200,2221,https://dev-api.va.gov/services/fhir/v0/dstu2/Observation/544d6ff0-2de8-56c4-8e16-a9e96f00b6b7
Obs5458a1e095ee5bea977352a4dc2a6092,OK,200,4974,https://dev-api.va.gov/services/fhir/v0/dstu2/Observation/5458a1e0-95ee-5bea-9773-52a4dc2a6092
Obs5496cc2ae24156dd986bd3646e814077,OK,200,4802,https://dev-api.va.gov/services/fhir/v0/dstu2/Observation/5496cc2a-e241-56dd-986b-d3646e814077
Obs5638f9b329575f6bbdeebe9af7b913de,OK,200,6984,https://dev-api.va.gov/services/fhir/v0/dstu2/Observation/5638f9b3-2957-5f6b-bdee-be9af7b913de
Obs583710f1e7945ac19f753c2cd365daaf,OK,200,4091,https://dev-api.va.gov/services/fhir/v0/dstu2/Observation/583710f1-e794-5ac1-9f75-3c2cd365daaf
Obs58d14096d1395f639eaea4e5b02c4824,OK,200,3920,https://dev-api.va.gov/services/fhir/v0/dstu2/Observation/58d14096-d139-5f63-9eae-a4e5b02c4824
Obs59220193973d51b9b61b1d6af62cf187,OK,200,3681,https://dev-api.va.gov/services/fhir/v0/dstu2/Observation/59220193-973d-51b9-b61b-1d6af62cf187
Obs5b3a1c10c918559f80442f2d5a11e2ff,OK,200,3342,https://dev-api.va.gov/services/fhir/v0/dstu2/Observation/5b3a1c10-c918-559f-8044-2f2d5a11e2ff
Obs5b3ca42603ec56dd98fab39496fa0379,OK,200,3166,https://dev-api.va.gov/services/fhir/v0/dstu2/Observation/5b3ca426-03ec-56dd-98fa-b39496fa0379
Obs5b89572c7edf593292ea1e7404e9f44e,OK,200,4966,https://dev-api.va.gov/services/fhir/v0/dstu2/Observation/5b89572c-7edf-5932-92ea-1e7404e9f44e
Obs5cec6c71377c583e948ba15e65ee74af,OK,200,2828,https://dev-api.va.gov/services/fhir/v0/dstu2/Observation/5cec6c71-377c-583e-948b-a15e65ee74af
Obs5d3bd1ee32215a8eb3b49a0fa3738024,OK,200,2441,https://dev-api.va.gov/services/fhir/v0/dstu2/Observation/5d3bd1ee-3221-5a8e-b3b4-9a0fa3738024
Obs5d8355e6c3c158f9921d2ca70da41e86,OK,200,1756,https://dev-api.va.gov/services/fhir/v0/dstu2/Observation/5d8355e6-c3c1-58f9-921d-2ca70da41e86
Obs5d8ab30f2f40503ab283e329adf6a7ba,OK,200,7637,https://dev-api.va.gov/services/fhir/v0/dstu2/Observation/5d8ab30f-2f40-503a-b283-e329adf6a7ba
Obs5eec52207e9c5ccfb3de4512710db1c4,OK,200,3575,https://dev-api.va.gov/services/fhir/v0/dstu2/Observation/5eec5220-7e9c-5ccf-b3de-4512710db1c4
Obs5f3e74eaf8e35eb68fd7c46a0ba2b01e,OK,200,3191,https://dev-api.va.gov/services/fhir/v0/dstu2/Observation/5f3e74ea-f8e3-5eb6-8fd7-c46a0ba2b01e
Obs6052258c1c0d5f519f803b6cf953e9e7,OK,200,3220,https://dev-api.va.gov/services/fhir/v0/dstu2/Observation/6052258c-1c0d-5f51-9f80-3b6cf953e9e7
Obs60ba5b2beb9f5c8cb7fb660aec6cc352,OK,200,3124,https://dev-api.va.gov/services/fhir/v0/dstu2/Observation/60ba5b2b-eb9f-5c8c-b7fb-660aec6cc352
Obs6220990d12f95bac9d29aee80a594f76,OK,200,4106,https://dev-api.va.gov/services/fhir/v0/dstu2/Observation/6220990d-12f9-5bac-9d29-aee80a594f76
Obs63a395c156d85a1daa7e03c807721c91,OK,200,4403,https://dev-api.va.gov/services/fhir/v0/dstu2/Observation/63a395c1-56d8-5a1d-aa7e-03c807721c91
Obs63acfe48945a59e98a99da0420b2a628,OK,200,3456,https://dev-api.va.gov/services/fhir/v0/dstu2/Observation/63acfe48-945a-59e9-8a99-da0420b2a628
Obs64427fdf59415a1983356ef1afb9a9d9,OK,200,4201,https://dev-api.va.gov/services/fhir/v0/dstu2/Observation/64427fdf-5941-5a19-8335-6ef1afb9a9d9
Obs6576fdf636b953cb8e39489b9adb9246,OK,200,3526,https://dev-api.va.gov/services/fhir/v0/dstu2/Observation/6576fdf6-36b9-53cb-8e39-489b9adb9246
Obs65a21ee732675537a373e16a39c0ec22,OK,200,4943,https://dev-api.va.gov/services/fhir/v0/dstu2/Observation/65a21ee7-3267-5537-a373-e16a39c0ec22
Obs6637bfcb18b25566b09c519f1b3cc81c,OK,200,4510,https://dev-api.va.gov/services/fhir/v0/dstu2/Observation/6637bfcb-18b2-5566-b09c-519f1b3cc81c
Obs663d78244aa35d198c24a168b1386a94,OK,200,3139,https://dev-api.va.gov/services/fhir/v0/dstu2/Observation/663d7824-4aa3-5d19-8c24-a168b1386a94
Obs68413ae4e4395273a3316371875df877,OK,200,2615,https://dev-api.va.gov/services/fhir/v0/dstu2/Observation/68413ae4-e439-5273-a331-6371875df877
Obs689f59d410be508999838518a12c8719,OK,200,4956,https://dev-api.va.gov/services/fhir/v0/dstu2/Observation/689f59d4-10be-5089-9983-8518a12c8719
Obs68e4d5ccaf9c5747b2f7e5c1f827c466,OK,200,4083,https://dev-api.va.gov/services/fhir/v0/dstu2/Observation/68e4d5cc-af9c-5747-b2f7-e5c1f827c466
Obs69bb1e5ede4654828eb80148575efe1f,OK,200,4261,https://dev-api.va.gov/services/fhir/v0/dstu2/Observation/69bb1e5e-de46-5482-8eb8-0148575efe1f
Obs6ad2618c2e145b6d8def7858b24e59d9,OK,200,4166,https://dev-api.va.gov/services/fhir/v0/dstu2/Observation/6ad2618c-2e14-5b6d-8def-7858b24e59d9
Obs6ba831d697995999a233dcd962977729,OK,200,3300,https://dev-api.va.gov/services/fhir/v0/dstu2/Observation/6ba831d6-9799-5999-a233-dcd962977729
Obs6bb4275bde6c5056b1d62a94df0267b3,OK,200,2120,https://dev-api.va.gov/services/fhir/v0/dstu2/Observation/6bb4275b-de6c-5056-b1d6-2a94df0267b3
Obs6cb90865fff05c9c8e43092df6d66725,OK,200,4720,https://dev-api.va.gov/services/fhir/v0/dstu2/Observation/6cb90865-fff0-5c9c-8e43-092df6d66725
Obs6ccda7cd0ee650b686911275c663923c,OK,200,3277,https://dev-api.va.gov/services/fhir/v0/dstu2/Observation/6ccda7cd-0ee6-50b6-8691-1275c663923c
Obs6d0a61a3e8a35d15863d3e3f0e3b5d67,OK,200,3343,https://dev-api.va.gov/services/fhir/v0/dstu2/Observation/6d0a61a3-e8a3-5d15-863d-3e3f0e3b5d67
Obs6d329c53dffd51a0bb30d0e717c5c122,OK,200,2944,https://dev-api.va.gov/services/fhir/v0/dstu2/Observation/6d329c53-dffd-51a0-bb30-d0e717c5c122
Obs6e2b26acbf1359dbb471133326b74d32,OK,200,4193,https://dev-api.va.gov/services/fhir/v0/dstu2/Observation/6e2b26ac-bf13-59db-b471-133326b74d32
Obs6f244d6b281455788ac28f356d99b778,OK,200,1863,https://dev-api.va.gov/services/fhir/v0/dstu2/Observation/6f244d6b-2814-5578-8ac2-8f356d99b778
Obs6f78330caf88572ca02f1799dc5c86d3,OK,200,1952,https://dev-api.va.gov/services/fhir/v0/dstu2/Observation/6f78330c-af88-572c-a02f-1799dc5c86d3
Obs6facee8d9464521684d4dc9d7ffae2ff,OK,200,2594,https://dev-api.va.gov/services/fhir/v0/dstu2/Observation/6facee8d-9464-5216-84d4-dc9d7ffae2ff
Obs704f6691f0215df0af61b0eb758b164a,OK,200,5097,https://dev-api.va.gov/services/fhir/v0/dstu2/Observation/704f6691-f021-5df0-af61-b0eb758b164a
Obs711d706644b75f078cb55a2eab37cdb8,OK,200,2284,https://dev-api.va.gov/services/fhir/v0/dstu2/Observation/711d7066-44b7-5f07-8cb5-5a2eab37cdb8
Obs717c3bb69dea53da80f344386df77138,OK,200,2768,https://dev-api.va.gov/services/fhir/v0/dstu2/Observation/717c3bb6-9dea-53da-80f3-44386df77138
Obs71be6bfa741556e89a1107b7fdecc6a5,OK,200,3877,https://dev-api.va.gov/services/fhir/v0/dstu2/Observation/71be6bfa-7415-56e8-9a11-07b7fdecc6a5
Obs72184e7962f155a790cd74f31e89ced7,OK,200,3065,https://dev-api.va.gov/services/fhir/v0/dstu2/Observation/72184e79-62f1-55a7-90cd-74f31e89ced7
Obs73355fd682b95d90a37f19e2cf8b50d7,OK,200,3951,https://dev-api.va.gov/services/fhir/v0/dstu2/Observation/73355fd6-82b9-5d90-a37f-19e2cf8b50d7
Obs733c6b07d99b584fb38ee43c1d44e51f,OK,200,4735,https://dev-api.va.gov/services/fhir/v0/dstu2/Observation/733c6b07-d99b-584f-b38e-e43c1d44e51f
Obs737edfc3fe775f9e81782cfefd7dcec1,OK,200,4002,https://dev-api.va.gov/services/fhir/v0/dstu2/Observation/737edfc3-fe77-5f9e-8178-2cfefd7dcec1
Obs74da8b99d4d5575eb1c5b92592a4c857,OK,200,4378,https://dev-api.va.gov/services/fhir/v0/dstu2/Observation/74da8b99-d4d5-575e-b1c5-b92592a4c857
Obs752f53e7bfda536f9c788bc08f7e640d,OK,200,7104,https://dev-api.va.gov/services/fhir/v0/dstu2/Observation/752f53e7-bfda-536f-9c78-8bc08f7e640d
Obs753ea9abd16e5304ae615b58becab8c1,OK,200,4866,https://dev-api.va.gov/services/fhir/v0/dstu2/Observation/753ea9ab-d16e-5304-ae61-5b58becab8c1
Obs764b6a3dfe235347992c07200b119cf4,OK,200,2836,https://dev-api.va.gov/services/fhir/v0/dstu2/Observation/764b6a3d-fe23-5347-992c-07200b119cf4
Obs76ee6162e56657a6a7e8b16e0142052f,OK,200,2782,https://dev-api.va.gov/services/fhir/v0/dstu2/Observation/76ee6162-e566-57a6-a7e8-b16e0142052f
Obs76f4df8b82b95749943660607602987a,OK,200,4008,https://dev-api.va.gov/services/fhir/v0/dstu2/Observation/76f4df8b-82b9-5749-9436-60607602987a
Obs77c6518e8da85cd38b46538e00ece2f6,OK,200,1888,https://dev-api.va.gov/services/fhir/v0/dstu2/Observation/77c6518e-8da8-5cd3-8b46-538e00ece2f6
Obs78bcb6caf4cc5e9385e8afd32bc7771c,OK,200,6525,https://dev-api.va.gov/services/fhir/v0/dstu2/Observation/78bcb6ca-f4cc-5e93-85e8-afd32bc7771c
Obs78d3ea8ad5185733935ad06c05daa5b8,OK,200,5075,https://dev-api.va.gov/services/fhir/v0/dstu2/Observation/78d3ea8a-d518-5733-935a-d06c05daa5b8
Obs7948c0b5c69e50c49576e7b46a7184c4,OK,200,8155,https://dev-api.va.gov/services/fhir/v0/dstu2/Observation/7948c0b5-c69e-50c4-9576-e7b46a7184c4
Obs7956ca62cd5b59d695833f5e62c3e2d5,OK,200,4526,https://dev-api.va.gov/services/fhir/v0/dstu2/Observation/7956ca62-cd5b-59d6-9583-3f5e62c3e2d5
Obs7bbe83507bb653ecace10e71ba2dfe00,OK,200,3210,https://dev-api.va.gov/services/fhir/v0/dstu2/Observation/7bbe8350-7bb6-53ec-ace1-0e71ba2dfe00
Obs7c2f3c499c045000ab59df0855f120ce,OK,200,5127,https://dev-api.va.gov/services/fhir/v0/dstu2/Observation/7c2f3c49-9c04-5000-ab59-df0855f120ce
Obs7c32e98fc94c5cc698df370c6dfbb9e2,OK,200,3916,https://dev-api.va.gov/services/fhir/v0/dstu2/Observation/7c32e98f-c94c-5cc6-98df-370c6dfbb9e2
Obs7c3947b82ffa56099d297c5086795621,OK,200,3977,https://dev-api.va.gov/services/fhir/v0/dstu2/Observation/7c3947b8-2ffa-5609-9d29-7c5086795621
Obs7d478cc57c6f5eb793429bdc16513daa,OK,200,2543,https://dev-api.va.gov/services/fhir/v0/dstu2/Observation/7d478cc5-7c6f-5eb7-9342-9bdc16513daa
Obs7db0e1725b16517c880a21ba92b67ba6,OK,200,4759,https://dev-api.va.gov/services/fhir/v0/dstu2/Observation/7db0e172-5b16-517c-880a-21ba92b67ba6
Obs7db1211e161451119f78ad666cac4730,OK,200,4442,https://dev-api.va.gov/services/fhir/v0/dstu2/Observation/7db1211e-1614-5111-9f78-ad666cac4730
Obs7e36373ca8e65ba283e58109d7e32eab,OK,200,4899,https://dev-api.va.gov/services/fhir/v0/dstu2/Observation/7e36373c-a8e6-5ba2-83e5-8109d7e32eab
Obs7ef5e8109f1659b8a5e80e6671452aff,OK,200,2276,https://dev-api.va.gov/services/fhir/v0/dstu2/Observation/7ef5e810-9f16-59b8-a5e8-0e6671452aff
Obs7ff9bbbf2a69530e9ffd9bcf27ba18bf,OK,200,3955,https://dev-api.va.gov/services/fhir/v0/dstu2/Observation/7ff9bbbf-2a69-530e-9ffd-9bcf27ba18bf
Obs8006e9e927a0588ba7c2789a4447e795,OK,200,3240,https://dev-api.va.gov/services/fhir/v0/dstu2/Observation/8006e9e9-27a0-588b-a7c2-789a4447e795
Obs803d76f665105c63a6d6dbc856f9a139,OK,200,3013,https://dev-api.va.gov/services/fhir/v0/dstu2/Observation/803d76f6-6510-5c63-a6d6-dbc856f9a139
Obs805e4f7628f255cbb21ea52a8d1d8de9,OK,200,2485,https://dev-api.va.gov/services/fhir/v0/dstu2/Observation/805e4f76-28f2-55cb-b21e-a52a8d1d8de9
Obs81718d9b7f1b52f1b7e57a8825c33f9a,OK,200,3323,https://dev-api.va.gov/services/fhir/v0/dstu2/Observation/81718d9b-7f1b-52f1-b7e5-7a8825c33f9a
Obs82351ffb6c2d501483a478218c9ac572,OK,200,3642,https://dev-api.va.gov/services/fhir/v0/dstu2/Observation/82351ffb-6c2d-5014-83a4-78218c9ac572
Obs82fea835b18959d2aca6d59f00c01eae,OK,200,2194,https://dev-api.va.gov/services/fhir/v0/dstu2/Observation/82fea835-b189-59d2-aca6-d59f00c01eae
Obs83d91d0cc69c58419230e63d936a045b,OK,200,4876,https://dev-api.va.gov/services/fhir/v0/dstu2/Observation/83d91d0c-c69c-5841-9230-e63d936a045b
Obs84ac33f4e0d3524b83b20aafec3f31c5,OK,200,2065,https://dev-api.va.gov/services/fhir/v0/dstu2/Observation/84ac33f4-e0d3-524b-83b2-0aafec3f31c5
Obs85c4674d35175f2f8604693765af9827,OK,200,2398,https://dev-api.va.gov/services/fhir/v0/dstu2/Observation/85c4674d-3517-5f2f-8604-693765af9827
Obs864ad3ba4a4c5659a9b4ca5716826f9e,OK,200,4973,https://dev-api.va.gov/services/fhir/v0/dstu2/Observation/864ad3ba-4a4c-5659-a9b4-ca5716826f9e
Obs875feb5a806f5fcbb242892ffc5c0fbe,OK,200,1957,https://dev-api.va.gov/services/fhir/v0/dstu2/Observation/875feb5a-806f-5fcb-b242-892ffc5c0fbe
Obs87bb721c3fb458e9bad4996daff7ec9f,OK,200,4593,https://dev-api.va.gov/services/fhir/v0/dstu2/Observation/87bb721c-3fb4-58e9-bad4-996daff7ec9f
Obs88b685c082425f46824d950915739472,OK,200,2094,https://dev-api.va.gov/services/fhir/v0/dstu2/Observation/88b685c0-8242-5f46-824d-950915739472
Obs8910bff315ad575fb183f19d3e8d7b3f,OK,200,3817,https://dev-api.va.gov/services/fhir/v0/dstu2/Observation/8910bff3-15ad-575f-b183-f19d3e8d7b3f
Obs8a53a3081b385f61afe767f4738784c1,OK,200,3984,https://dev-api.va.gov/services/fhir/v0/dstu2/Observation/8a53a308-1b38-5f61-afe7-67f4738784c1
Obs8a8cfe9389a75dfea655a99a4fb174f1,OK,200,2534,https://dev-api.va.gov/services/fhir/v0/dstu2/Observation/8a8cfe93-89a7-5dfe-a655-a99a4fb174f1
Obs8b3135e14a1b53efa46cf73f231d914d,OK,200,4910,https://dev-api.va.gov/services/fhir/v0/dstu2/Observation/8b3135e1-4a1b-53ef-a46c-f73f231d914d
Obs8b6399e4cb4a5a118d2f67877960b756,OK,200,3783,https://dev-api.va.gov/services/fhir/v0/dstu2/Observation/8b6399e4-cb4a-5a11-8d2f-67877960b756
Obs8b8b28ed796a5c5ea02a8060c51e4559,OK,200,2370,https://dev-api.va.gov/services/fhir/v0/dstu2/Observation/8b8b28ed-796a-5c5e-a02a-8060c51e4559
Obs8be43ce57929514a9ae252b3dd15f327,OK,200,2011,https://dev-api.va.gov/services/fhir/v0/dstu2/Observation/8be43ce5-7929-514a-9ae2-52b3dd15f327
Obs8c0e44d331fe58268bdf31dec8e8de98,OK,200,5844,https://dev-api.va.gov/services/fhir/v0/dstu2/Observation/8c0e44d3-31fe-5826-8bdf-31dec8e8de98
Obs8c82960ab3165c3c89a3585bd4c47030,OK,200,4929,https://dev-api.va.gov/services/fhir/v0/dstu2/Observation/8c82960a-b316-5c3c-89a3-585bd4c47030
Obs908ddf71c767552a8b8927a505b0328c,OK,200,3973,https://dev-api.va.gov/services/fhir/v0/dstu2/Observation/908ddf71-c767-552a-8b89-27a505b0328c
Obs922e9bcec30a512f95cc1f4e34108cdb,OK,200,2606,https://dev-api.va.gov/services/fhir/v0/dstu2/Observation/922e9bce-c30a-512f-95cc-1f4e34108cdb
Obs932cf7ad1c345503be6e98c8072a8fd3,OK,200,2047,https://dev-api.va.gov/services/fhir/v0/dstu2/Observation/932cf7ad-1c34-5503-be6e-98c8072a8fd3
Obs938647ff73425d55b09ad1a07bd50d01,OK,200,2046,https://dev-api.va.gov/services/fhir/v0/dstu2/Observation/938647ff-7342-5d55-b09a-d1a07bd50d01
Obs93ecca88ad0c5d81880dc03457de2078,OK,200,2258,https://dev-api.va.gov/services/fhir/v0/dstu2/Observation/93ecca88-ad0c-5d81-880d-c03457de2078
Obs959914f82412531c9ba5dc02a09d8f94,OK,200,2113,https://dev-api.va.gov/services/fhir/v0/dstu2/Observation/959914f8-2412-531c-9ba5-dc02a09d8f94
Obs97c00ccacd6452fe921c77b71512ef2b,OK,200,4488,https://dev-api.va.gov/services/fhir/v0/dstu2/Observation/97c00cca-cd64-52fe-921c-77b71512ef2b
Obs98761e442a4752e1a298dadd00038168,OK,200,4428,https://dev-api.va.gov/services/fhir/v0/dstu2/Observation/98761e44-2a47-52e1-a298-dadd00038168
Obs989f8e6f05bc5a1c93fb17a38973cee0,OK,200,3629,https://dev-api.va.gov/services/fhir/v0/dstu2/Observation/989f8e6f-05bc-5a1c-93fb-17a38973cee0
Obs9942c93fe3c95906aa08d0805d974f61,OK,200,3584,https://dev-api.va.gov/services/fhir/v0/dstu2/Observation/9942c93f-e3c9-5906-aa08-d0805d974f61
Obs999a45504526588d80c532a458203787,OK,200,3408,https://dev-api.va.gov/services/fhir/v0/dstu2/Observation/999a4550-4526-588d-80c5-32a458203787
Obs9a1d57f4b143527a8e890ec3983d0f51,OK,200,4077,https://dev-api.va.gov/services/fhir/v0/dstu2/Observation/9a1d57f4-b143-527a-8e89-0ec3983d0f51
Obs9a2e0b48763a50e599a92764e444ae6c,OK,200,1819,https://dev-api.va.gov/services/fhir/v0/dstu2/Observation/9a2e0b48-763a-50e5-99a9-2764e444ae6c
Obs9b966e9ed3ca5d2996daa1f4fa16af16,OK,200,4951,https://dev-api.va.gov/services/fhir/v0/dstu2/Observation/9b966e9e-d3ca-5d29-96da-a1f4fa16af16
Obs9c261562a7b85c07b3bca05823b5785c,OK,200,4582,https://dev-api.va.gov/services/fhir/v0/dstu2/Observation/9c261562-a7b8-5c07-b3bc-a05823b5785c
Obs9c39c318dad558d89e6d869145da231d,OK,200,4730,https://dev-api.va.gov/services/fhir/v0/dstu2/Observation/9c39c318-dad5-58d8-9e6d-869145da231d
Obs9c4a0891cfb4502ba55e37e466327be5,OK,200,4932,https://dev-api.va.gov/services/fhir/v0/dstu2/Observation/9c4a0891-cfb4-502b-a55e-37e466327be5
Obs9c921f39559e58cfb336bf5a75d4585c,OK,200,3667,https://dev-api.va.gov/services/fhir/v0/dstu2/Observation/9c921f39-559e-58cf-b336-bf5a75d4585c
Obs9c9e041f15ca5960acaf77245089f390,OK,200,3294,https://dev-api.va.gov/services/fhir/v0/dstu2/Observation/9c9e041f-15ca-5960-acaf-77245089f390
Obs9cff35c8ffc95dcd902e6d7ebc1c3fba,OK,200,5030,https://dev-api.va.gov/services/fhir/v0/dstu2/Observation/9cff35c8-ffc9-5dcd-902e-6d7ebc1c3fba
Obs9d5c873689d259ea83a1ccd5e4f2b061,OK,200,2203,https://dev-api.va.gov/services/fhir/v0/dstu2/Observation/9d5c8736-89d2-59ea-83a1-ccd5e4f2b061
Obs9eabadf5e68e5e618ec21659f31a4a1d,OK,200,5423,https://dev-api.va.gov/services/fhir/v0/dstu2/Observation/9eabadf5-e68e-5e61-8ec2-1659f31a4a1d
ObsP43000466,OK,200,14252,https://dev-api.va.gov/services/argonaut/v0/Observation?patient=43000466
ObsP43000466page10count15,OK,200,10244,https://dev-api.va.gov/services/fhir/v0/dstu2/Observation?patient=43000466&page=10&_count=15
ObsP43000466page11count15,OK,200,10453,https://dev-api.va.gov/services/fhir/v0/dstu2/Observation?patient=43000466&page=11&_count=15
ObsP43000466page12count15,OK,200,10242,https://dev-api.va.gov/services/fhir/v0/dstu2/Observation?patient=43000466&page=12&_count=15
ObsP43000466page13count15,OK,200,8871,https://dev-api.va.gov/services/fhir/v0/dstu2/Observation?patient=43000466&page=13&_count=15
ObsP43000466page14count15,OK,200,9562,https://dev-api.va.gov/services/fhir/v0/dstu2/Observation?patient=43000466&page=14&_count=15
ObsP43000466page15count15,OK,200,9427,https://dev-api.va.gov/services/fhir/v0/dstu2/Observation?patient=43000466&page=15&_count=15
ObsP43000466page16count15,OK,200,10867,https://dev-api.va.gov/services/fhir/v0/dstu2/Observation?patient=43000466&page=16&_count=15
ObsP43000466page17count15,OK,200,10445,https://dev-api.va.gov/services/fhir/v0/dstu2/Observation?patient=43000466&page=17&_count=15
ObsP43000466page18count15,OK,200,12198,https://dev-api.va.gov/services/fhir/v0/dstu2/Observation?patient=43000466&page=18&_count=15
ObsP43000466page19count15,OK,200,11196,https://dev-api.va.gov/services/fhir/v0/dstu2/Observation?patient=43000466&page=19&_count=15
ObsP43000466page20count15,OK,200,10122,https://dev-api.va.gov/services/fhir/v0/dstu2/Observation?patient=43000466&page=20&_count=15
ObsP43000466page21count15,OK,200,11297,https://dev-api.va.gov/services/fhir/v0/dstu2/Observation?patient=43000466&page=21&_count=15
ObsP43000466page22count15,OK,200,9450,https://dev-api.va.gov/services/fhir/v0/dstu2/Observation?patient=43000466&page=22&_count=15
ObsP43000466page23count15,OK,200,9742,https://dev-api.va.gov/services/fhir/v0/dstu2/Observation?patient=43000466&page=23&_count=15
ObsP43000466page24count15,OK,200,9959,https://dev-api.va.gov/services/fhir/v0/dstu2/Observation?patient=43000466&page=24&_count=15
ObsP43000466page25count15,OK,200,11979,https://dev-api.va.gov/services/fhir/v0/dstu2/Observation?patient=43000466&page=25&_count=15
ObsP43000466page26count15,OK,200,10276,https://dev-api.va.gov/services/fhir/v0/dstu2/Observation?patient=43000466&page=26&_count=15
ObsP43000466page27count15,OK,200,10398,https://dev-api.va.gov/services/fhir/v0/dstu2/Observation?patient=43000466&page=27&_count=15
ObsP43000466page28count15,OK,200,10161,https://dev-api.va.gov/services/fhir/v0/dstu2/Observation?patient=43000466&page=28&_count=15
ObsP43000466page29count15,OK,200,9811,https://dev-api.va.gov/services/fhir/v0/dstu2/Observation?patient=43000466&page=29&_count=15
ObsP43000466page2count15,OK,200,14047,https://dev-api.va.gov/services/fhir/v0/dstu2/Observation?patient=43000466&page=2&_count=15
ObsP43000466page30count15,OK,200,9910,https://dev-api.va.gov/services/fhir/v0/dstu2/Observation?patient=43000466&page=30&_count=15
ObsP43000466page3count15,OK,200,10733,https://dev-api.va.gov/services/fhir/v0/dstu2/Observation?patient=43000466&page=3&_count=15
ObsP43000466page4count15,OK,200,10458,https://dev-api.va.gov/services/fhir/v0/dstu2/Observation?patient=43000466&page=4&_count=15
ObsP43000466page5count15,OK,200,9635,https://dev-api.va.gov/services/fhir/v0/dstu2/Observation?patient=43000466&page=5&_count=15
ObsP43000466page6count15,OK,200,9972,https://dev-api.va.gov/services/fhir/v0/dstu2/Observation?patient=43000466&page=6&_count=15
ObsP43000466page7count15,OK,200,9702,https://dev-api.va.gov/services/fhir/v0/dstu2/Observation?patient=43000466&page=7&_count=15
ObsP43000466page8count15,OK,200,9797,https://dev-api.va.gov/services/fhir/v0/dstu2/Observation?patient=43000466&page=8&_count=15
ObsP43000466page9count15,OK,200,9575,https://dev-api.va.gov/services/fhir/v0/dstu2/Observation?patient=43000466&page=9&_count=15
Obsa040352995ff59ebb9ffd1339c4c4f40,OK,200,3264,https://dev-api.va.gov/services/fhir/v0/dstu2/Observation/a0403529-95ff-59eb-b9ff-d1339c4c4f40
Obsa18053e1cd2e581190ba6d303531381b,OK,200,3372,https://dev-api.va.gov/services/fhir/v0/dstu2/Observation/a18053e1-cd2e-5811-90ba-6d303531381b
Obsa329c4dd66c85d3498c9984b64c80789,OK,200,2472,https://dev-api.va.gov/services/fhir/v0/dstu2/Observation/a329c4dd-66c8-5d34-98c9-984b64c80789
Obsa394414716be5f9382db82e2d588895a,OK,200,3307,https://dev-api.va.gov/services/fhir/v0/dstu2/Observation/a3944147-16be-5f93-82db-82e2d588895a
Obsa3d266c7c3b3581d84da564632aa30c7,OK,200,5323,https://dev-api.va.gov/services/fhir/v0/dstu2/Observation/a3d266c7-c3b3-581d-84da-564632aa30c7
Obsa567f3381627595189b938f4655f78e7,OK,200,2090,https://dev-api.va.gov/services/fhir/v0/dstu2/Observation/a567f338-1627-5951-89b9-38f4655f78e7
Obsa68b92b51c125d5eb7cc310715dc8bb1,OK,200,3818,https://dev-api.va.gov/services/fhir/v0/dstu2/Observation/a68b92b5-1c12-5d5e-b7cc-310715dc8bb1
Obsa6a29252b89a50a9b610cd3b1fc8e96f,OK,200,5865,https://dev-api.va.gov/services/fhir/v0/dstu2/Observation/a6a29252-b89a-50a9-b610-cd3b1fc8e96f
Obsa80fa5c108f152c68876ecb1ddecb0c9,OK,200,5072,https://dev-api.va.gov/services/fhir/v0/dstu2/Observation/a80fa5c1-08f1-52c6-8876-ecb1ddecb0c9
Obsa84644c9a67d5ac49f9a8bdb121fc306,OK,200,2044,https://dev-api.va.gov/services/fhir/v0/dstu2/Observation/a84644c9-a67d-5ac4-9f9a-8bdb121fc306
Obsa8a51d1b319957b9ba8524d22385d7be,OK,200,4472,https://dev-api.va.gov/services/fhir/v0/dstu2/Observation/a8a51d1b-3199-57b9-ba85-24d22385d7be
Obsaa57badcc0725bf1a34ce929e9c99d45,OK,200,3070,https://dev-api.va.gov/services/fhir/v0/dstu2/Observation/aa57badc-c072-5bf1-a34c-e929e9c99d45
Obsabc14fcb84895c579fe5eb892a3421f9,OK,200,2482,https://dev-api.va.gov/services/fhir/v0/dstu2/Observation/abc14fcb-8489-5c57-9fe5-eb892a3421f9
Obsac6ef7f4a73258c8bd93ae095e436091,OK,200,1946,https://dev-api.va.gov/services/fhir/v0/dstu2/Observation/ac6ef7f4-a732-58c8-bd93-ae095e436091
Obsacb4f17741345f8086266a10189af3a9,OK,200,3275,https://dev-api.va.gov/services/fhir/v0/dstu2/Observation/acb4f177-4134-5f80-8626-6a10189af3a9
Obsad0c2d1c57d853978f8f6405834fb816,OK,200,3260,https://dev-api.va.gov/services/fhir/v0/dstu2/Observation/ad0c2d1c-57d8-5397-8f8f-6405834fb816
Obsae8a655871d25e8ea5f17a699326aa79,OK,200,2101,https://dev-api.va.gov/services/fhir/v0/dstu2/Observation/ae8a6558-71d2-5e8e-a5f1-7a699326aa79
Obsae906693fb665b14914bc8dcf3cc533c,OK,200,4568,https://dev-api.va.gov/services/fhir/v0/dstu2/Observation/ae906693-fb66-5b14-914b-c8dcf3cc533c
Obsae9730796f0c58de8d222900d6c63bd2,OK,200,2356,https://dev-api.va.gov/services/fhir/v0/dstu2/Observation/ae973079-6f0c-58de-8d22-2900d6c63bd2
Obsaec5f7940f125659964494ec6979eae1,OK,200,2389,https://dev-api.va.gov/services/fhir/v0/dstu2/Observation/aec5f794-0f12-5659-9644-94ec6979eae1
Obsaef761df91c35e1dbf5b679bb53761f8,OK,200,3099,https://dev-api.va.gov/services/fhir/v0/dstu2/Observation/aef761df-91c3-5e1d-bf5b-679bb53761f8
Obsb009e37f6385594aa5601de744e70f1f,OK,200,3138,https://dev-api.va.gov/services/fhir/v0/dstu2/Observation/b009e37f-6385-594a-a560-1de744e70f1f
Obsb0552b45904050b2ab7e5aa24076c195,OK,200,2237,https://dev-api.va.gov/services/fhir/v0/dstu2/Observation/b0552b45-9040-50b2-ab7e-5aa24076c195
Obsb07c5e87806e53a0be1fa51d9c790338,OK,200,2184,https://dev-api.va.gov/services/fhir/v0/dstu2/Observation/b07c5e87-806e-53a0-be1f-a51d9c790338
Obsb109741bbaae5fcc92e59ac70d362b70,OK,200,2223,https://dev-api.va.gov/services/fhir/v0/dstu2/Observation/b109741b-baae-5fcc-92e5-9ac70d362b70
Obsb18bc9cfb68d5f0493e1c53d67b65297,OK,200,1846,https://dev-api.va.gov/services/fhir/v0/dstu2/Observation/b18bc9cf-b68d-5f04-93e1-c53d67b65297
Obsb1a3f14fe3de5996a4db1968ba5ecc81,OK,200,3194,https://dev-api.va.gov/services/fhir/v0/dstu2/Observation/b1a3f14f-e3de-5996-a4db-1968ba5ecc81
Obsb1b85dc5951f5d9a8efdeecc695f1ff2,OK,200,2672,https://dev-api.va.gov/services/fhir/v0/dstu2/Observation/b1b85dc5-951f-5d9a-8efd-eecc695f1ff2
Obsb25581b30b535a54a7e49b49e29feaa9,OK,200,2367,https://dev-api.va.gov/services/fhir/v0/dstu2/Observation/b25581b3-0b53-5a54-a7e4-9b49e29feaa9
Obsb4560ed91d8a5133912798bd17dab0be,OK,200,2343,https://dev-api.va.gov/services/fhir/v0/dstu2/Observation/b4560ed9-1d8a-5133-9127-98bd17dab0be
Obsb46f2b8d87ba5291a664b9b402704ad3,OK,200,3303,https://dev-api.va.gov/services/fhir/v0/dstu2/Observation/b46f2b8d-87ba-5291-a664-b9b402704ad3
Obsb49c3b65d8bd50d78cc29da44d46631f,OK,200,2018,https://dev-api.va.gov/services/fhir/v0/dstu2/Observation/b49c3b65-d8bd-50d7-8cc2-9da44d46631f
Obsb4aa6bb372ce553597cfead671b5e7a3,OK,200,2109,https://dev-api.va.gov/services/fhir/v0/dstu2/Observation/b4aa6bb3-72ce-5535-97cf-ead671b5e7a3
Obsb4f94ebf62db5e3a8a28bd2ec29223b8,OK,200,4058,https://dev-api.va.gov/services/fhir/v0/dstu2/Observation/b4f94ebf-62db-5e3a-8a28-bd2ec29223b8
Obsb505adc9b384593db3281357f47c4c52,OK,200,1795,https://dev-api.va.gov/services/fhir/v0/dstu2/Observation/b505adc9-b384-593d-b328-1357f47c4c52
Obsb5c0273897d05631bd586a308b069395,OK,200,3559,https://dev-api.va.gov/services/fhir/v0/dstu2/Observation/b5c02738-97d0-5631-bd58-6a308b069395
Obsb65e4cd764be57a28778ff54298f202e,OK,200,3430,https://dev-api.va.gov/services/fhir/v0/dstu2/Observation/b65e4cd7-64be-57a2-8778-ff54298f202e
Obsb68904df866e59aea076db3dd3402cb5,OK,200,2594,https://dev-api.va.gov/services/fhir/v0/dstu2/Observation/b68904df-866e-59ae-a076-db3dd3402cb5
Obsb6c6af25d3c6597391d4688bae9c2b97,OK,200,2845,https://dev-api.va.gov/services/fhir/v0/dstu2/Observation/b6c6af25-d3c6-5973-91d4-688bae9c2b97
Obsb713659242cb5715981a918eeeeb56a5,OK,200,5477,https://dev-api.va.gov/services/fhir/v0/dstu2/Observation/b7136592-42cb-5715-981a-918eeeeb56a5
Obsb75ca680e79a5b2db08d8195b952db17,OK,200,4619,https://dev-api.va.gov/services/fhir/v0/dstu2/Observation/b75ca680-e79a-5b2d-b08d-8195b952db17
Obsb876dc3035715d4ca028e4d204933feb,OK,200,2324,https://dev-api.va.gov/services/fhir/v0/dstu2/Observation/b876dc30-3571-5d4c-a028-e4d204933feb
Obsb894514f51b8594b84ada9d6e6da84af,OK,200,3223,https://dev-api.va.gov/services/fhir/v0/dstu2/Observation/b894514f-51b8-594b-84ad-a9d6e6da84af
Obsb8b039047a525635b3b0272cde4411d7,OK,200,2681,https://dev-api.va.gov/services/fhir/v0/dstu2/Observation/b8b03904-7a52-5635-b3b0-272cde4411d7
Obsb95c29a8152c5004b250b15c081f4532,OK,200,2300,https://dev-api.va.gov/services/fhir/v0/dstu2/Observation/b95c29a8-152c-5004-b250-b15c081f4532
Obsb9d2ac6bbf375ee88f8c16f7c694df6d,OK,200,3058,https://dev-api.va.gov/services/fhir/v0/dstu2/Observation/b9d2ac6b-bf37-5ee8-8f8c-16f7c694df6d
Obsbb875ff1eed155e8b9c3053d4341200d,OK,200,3043,https://dev-api.va.gov/services/fhir/v0/dstu2/Observation/bb875ff1-eed1-55e8-b9c3-053d4341200d
Obsbb92c6c9995d5f17a76bfb45462c8865,OK,200,3822,https://dev-api.va.gov/services/fhir/v0/dstu2/Observation/bb92c6c9-995d-5f17-a76b-fb45462c8865
Obsbde50fed9f3f5a21949c783fe966fdb9,OK,200,3175,https://dev-api.va.gov/services/fhir/v0/dstu2/Observation/bde50fed-9f3f-5a21-949c-783fe966fdb9
Obsbe30f2b8051a5831952f9e3452c3ec63,OK,200,1987,https://dev-api.va.gov/services/fhir/v0/dstu2/Observation/be30f2b8-051a-5831-952f-9e3452c3ec63
Obsbe5255edc29a550cb10061176131b1b8,OK,200,2292,https://dev-api.va.gov/services/fhir/v0/dstu2/Observation/be5255ed-c29a-550c-b100-61176131b1b8
Obsbe8398915ecf5ee786e821d8bb29bb0b,OK,200,3649,https://dev-api.va.gov/services/fhir/v0/dstu2/Observation/be839891-5ecf-5ee7-86e8-21d8bb29bb0b
Obsbea0da66af4057489061460fb228319f,OK,200,2207,https://dev-api.va.gov/services/fhir/v0/dstu2/Observation/bea0da66-af40-5748-9061-460fb228319f
Obsbfef406c49e953acb63f1ff2a5d4ebc3,OK,200,2108,https://dev-api.va.gov/services/fhir/v0/dstu2/Observation/bfef406c-49e9-53ac-b63f-1ff2a5d4ebc3
Obsc03770a40b3f5eaebdd87eab44ad9d4d,OK,200,2418,https://dev-api.va.gov/services/fhir/v0/dstu2/Observation/c03770a4-0b3f-5eae-bdd8-7eab44ad9d4d
Obsc2abc98c9fcf597db4df6b4d0759dd21,OK,200,6027,https://dev-api.va.gov/services/fhir/v0/dstu2/Observation/c2abc98c-9fcf-597d-b4df-6b4d0759dd21
Obsc2b1cba718ae556692ccafce111049e0,OK,200,2306,https://dev-api.va.gov/services/fhir/v0/dstu2/Observation/c2b1cba7-18ae-5566-92cc-afce111049e0
Obsc3789e43dcfb589dbd9dc659de98abda,OK,200,2393,https://dev-api.va.gov/services/fhir/v0/dstu2/Observation/c3789e43-dcfb-589d-bd9d-c659de98abda
Obsc3cfb38d44525aeab720bd43b8145ddf,OK,200,2209,https://dev-api.va.gov/services/fhir/v0/dstu2/Observation/c3cfb38d-4452-5aea-b720-bd43b8145ddf
Obsc4d47e67a9e7535283ed02b561550494,OK,200,3787,https://dev-api.va.gov/services/fhir/v0/dstu2/Observation/c4d47e67-a9e7-5352-83ed-02b561550494
Obsc4e0104ece0354ceb6953105c4ae17eb,OK,200,2494,https://dev-api.va.gov/services/fhir/v0/dstu2/Observation/c4e0104e-ce03-54ce-b695-3105c4ae17eb
Obsc5142e58d6fc5294a88a5840e9453d6a,OK,200,2346,https://dev-api.va.gov/services/fhir/v0/dstu2/Observation/c5142e58-d6fc-5294-a88a-5840e9453d6a
Obsc5bf512eb6505eec94af7e87a571de6b,OK,200,3183,https://dev-api.va.gov/services/fhir/v0/dstu2/Observation/c5bf512e-b650-5eec-94af-7e87a571de6b
Obsc76840a79dba52a19e8b888adee985b6,OK,200,2045,https://dev-api.va.gov/services/fhir/v0/dstu2/Observation/c76840a7-9dba-52a1-9e8b-888adee985b6
Obsc78efa7e3a3552d4be8b02bb050df506,OK,200,2274,https://dev-api.va.gov/services/fhir/v0/dstu2/Observation/c78efa7e-3a35-52d4-be8b-02bb050df506
Obsc97243e919be52baa767ac69ac923aed,OK,200,1708,https://dev-api.va.gov/services/fhir/v0/dstu2/Observation/c97243e9-19be-52ba-a767-ac69ac923aed
Obsca1f6efcc6c75bd88440c2c59c3aded3,OK,200,1886,https://dev-api.va.gov/services/fhir/v0/dstu2/Observation/ca1f6efc-c6c7-5bd8-8440-c2c59c3aded3
Obsca8b7456d05152038a90cc55bdae583d,OK,200,3569,https://dev-api.va.gov/services/fhir/v0/dstu2/Observation/ca8b7456-d051-5203-8a90-cc55bdae583d
Obscb9c809f3a56509d87f4854fc0329b3e,OK,200,2751,https://dev-api.va.gov/services/fhir/v0/dstu2/Observation/cb9c809f-3a56-509d-87f4-854fc0329b3e
Obscbef27ebfabd5837adcbc65b78605ee1,OK,200,4280,https://dev-api.va.gov/services/fhir/v0/dstu2/Observation/cbef27eb-fabd-5837-adcb-c65b78605ee1
Obsce80396da6485c0d9fb5356b0b396c04,OK,200,2272,https://dev-api.va.gov/services/fhir/v0/dstu2/Observation/ce80396d-a648-5c0d-9fb5-356b0b396c04
Obscf5128c3e71d511eb14b0e4d13300465,OK,200,4619,https://dev-api.va.gov/services/fhir/v0/dstu2/Observation/cf5128c3-e71d-511e-b14b-0e4d13300465
Obscfd92bd2f9325812b81080f6f919e30c,OK,200,2294,https://dev-api.va.gov/services/fhir/v0/dstu2/Observation/cfd92bd2-f932-5812-b810-80f6f919e30c
Obsd028dad181025ca8b20de4a40264f154,OK,200,2120,https://dev-api.va.gov/services/fhir/v0/dstu2/Observation/d028dad1-8102-5ca8-b20d-e4a40264f154
Obsd061bf908f5255ce82eda8ca8ceac482,OK,200,2528,https://dev-api.va.gov/services/fhir/v0/dstu2/Observation/d061bf90-8f52-55ce-82ed-a8ca8ceac482
Obsd10d9dffb1e65b7bae3f855f7a21f55c,OK,200,2418,https://dev-api.va.gov/services/fhir/v0/dstu2/Observation/d10d9dff-b1e6-5b7b-ae3f-855f7a21f55c
Obsd12478c9470e5cd69a2859e472cb82b6,OK,200,4427,https://dev-api.va.gov/services/fhir/v0/dstu2/Observation/d12478c9-470e-5cd6-9a28-59e472cb82b6
Obsd313f33eed2e5263ac3179e7f007ad80,OK,200,2139,https://dev-api.va.gov/services/fhir/v0/dstu2/Observation/d313f33e-ed2e-5263-ac31-79e7f007ad80
Obsd3ac9d2bdbf4524c8e9f052f72b3f038,OK,200,2030,https://dev-api.va.gov/services/fhir/v0/dstu2/Observation/d3ac9d2b-dbf4-524c-8e9f-052f72b3f038
Obsd442220c8478530985b72e8384dc98b9,OK,200,2715,https://dev-api.va.gov/services/fhir/v0/dstu2/Observation/d442220c-8478-5309-85b7-2e8384dc98b9
Obsd4a42260e88259a3924a57955e2a1f3b,OK,200,3811,https://dev-api.va.gov/services/fhir/v0/dstu2/Observation/d4a42260-e882-59a3-924a-57955e2a1f3b
Obsd52a7ff54788571daa78e10131c171ec,OK,200,2743,https://dev-api.va.gov/services/fhir/v0/dstu2/Observation/d52a7ff5-4788-571d-aa78-e10131c171ec
Obsd7900e79529656d89ea116cea1f4481e,OK,200,2894,https://dev-api.va.gov/services/fhir/v0/dstu2/Observation/d7900e79-5296-56d8-9ea1-16cea1f4481e
Obsd7d312b7302e546792d4206c47f71f2f,OK,200,4455,https://dev-api.va.gov/services/fhir/v0/dstu2/Observation/d7d312b7-302e-5467-92d4-206c47f71f2f
Obsd830d8248c465b1799abfc1d54463356,OK,200,1713,https://dev-api.va.gov/services/fhir/v0/dstu2/Observation/d830d824-8c46-5b17-99ab-fc1d54463356
Obsda1442bc0dae53e0930b3a934507a301,OK,200,1995,https://dev-api.va.gov/services/fhir/v0/dstu2/Observation/da1442bc-0dae-53e0-930b-3a934507a301
Obsda213c98009a5ce7af5f9f830f6cc58f,OK,200,2191,https://dev-api.va.gov/services/fhir/v0/dstu2/Observation/da213c98-009a-5ce7-af5f-9f830f6cc58f
Obsda3173e94a6f529fb5e6e7839ed80fa4,OK,200,4583,https://dev-api.va.gov/services/fhir/v0/dstu2/Observation/da3173e9-4a6f-529f-b5e6-e7839ed80fa4
Obsdaaf76272f68569d8df6fc6f2c036a21,OK,200,3596,https://dev-api.va.gov/services/fhir/v0/dstu2/Observation/daaf7627-2f68-569d-8df6-fc6f2c036a21
Obsdbf61acea45c5ac6b8f52d1049e58938,OK,200,2758,https://dev-api.va.gov/services/fhir/v0/dstu2/Observation/dbf61ace-a45c-5ac6-b8f5-2d1049e58938
Obsdc023567844a595fa9ebeb88353755a4,OK,200,4006,https://dev-api.va.gov/services/fhir/v0/dstu2/Observation/dc023567-844a-595f-a9eb-eb88353755a4
Obsdd2e6408eb905b3d98abbefd7a05e6ea,OK,200,3065,https://dev-api.va.gov/services/fhir/v0/dstu2/Observation/dd2e6408-eb90-5b3d-98ab-befd7a05e6ea
Obsdd5c6938cc725f2e92a4580a16458299,OK,200,5601,https://dev-api.va.gov/services/fhir/v0/dstu2/Observation/dd5c6938-cc72-5f2e-92a4-580a16458299
Obsde051dfc3d85531493f1fc546f1693cb,OK,200,1794,https://dev-api.va.gov/services/fhir/v0/dstu2/Observation/de051dfc-3d85-5314-93f1-fc546f1693cb
Obsde62176c4cf55f1aa29d2c08c5ca8bca,OK,200,5896,https://dev-api.va.gov/services/fhir/v0/dstu2/Observation/de62176c-4cf5-5f1a-a29d-2c08c5ca8bca
Obsdecb3722cd6f51e6927c8ca45df17717,OK,200,5923,https://dev-api.va.gov/services/fhir/v0/dstu2/Observation/decb3722-cd6f-51e6-927c-8ca45df17717
Obsdff76ce31a7a555093ea09ba58802c9f,OK,200,2409,https://dev-api.va.gov/services/fhir/v0/dstu2/Observation/dff76ce3-1a7a-5550-93ea-09ba58802c9f
Obse10a919390395657adcd510123e1f1b4,OK,200,2238,https://dev-api.va.gov/services/fhir/v0/dstu2/Observation/e10a9193-9039-5657-adcd-510123e1f1b4
Obse12d6f01a9e055c2812d877436c33590,OK,200,3513,https://dev-api.va.gov/services/fhir/v0/dstu2/Observation/e12d6f01-a9e0-55c2-812d-877436c33590
Obse1d5a03fec50558d90d77ff7c7253f5d,OK,200,2846,https://dev-api.va.gov/services/fhir/v0/dstu2/Observation/e1d5a03f-ec50-558d-90d7-7ff7c7253f5d
Obse1dad5d53a3f535da7a68ccc6d0d6aef,OK,200,2476,https://dev-api.va.gov/services/fhir/v0/dstu2/Observation/e1dad5d5-3a3f-535d-a7a6-8ccc6d0d6aef
Obse25406d0371d59fd8756cb1c36f7a152,OK,200,2346,https://dev-api.va.gov/services/fhir/v0/dstu2/Observation/e25406d0-371d-59fd-8756-cb1c36f7a152
Obse2a848413e0e5bd98c1fb94cc05fce2d,OK,200,2644,https://dev-api.va.gov/services/fhir/v0/dstu2/Observation/e2a84841-3e0e-5bd9-8c1f-b94cc05fce2d
Obse2f6f28c16475da1b2e121ef62b6152d,OK,200,2140,https://dev-api.va.gov/services/fhir/v0/dstu2/Observation/e2f6f28c-1647-5da1-b2e1-21ef62b6152d
Obse3271ecd3d95574fa5d438af4dde7b53,OK,200,2503,https://dev-api.va.gov/services/fhir/v0/dstu2/Observation/e3271ecd-3d95-574f-a5d4-38af4dde7b53
Obse32f938815fd599196baf01653621cbe,OK,200,2266,https://dev-api.va.gov/services/fhir/v0/dstu2/Observation/e32f9388-15fd-5991-96ba-f01653621cbe
Obse4aeaff735b455f09dd757c8f34a5143,OK,200,2406,https://dev-api.va.gov/services/fhir/v0/dstu2/Observation/e4aeaff7-35b4-55f0-9dd7-57c8f34a5143
Obse5d6a75f45f15f39894c90f0ad0ca944,OK,200,2584,https://dev-api.va.gov/services/fhir/v0/dstu2/Observation/e5d6a75f-45f1-5f39-894c-90f0ad0ca944
Obse69fbbd5d083591cba59f1472bce0901,OK,200,2154,https://dev-api.va.gov/services/fhir/v0/dstu2/Observation/e69fbbd5-d083-591c-ba59-f1472bce0901
Obse7c59c0910d55d4a942ceb600c3b68e8,OK,200,2012,https://dev-api.va.gov/services/fhir/v0/dstu2/Observation/e7c59c09-10d5-5d4a-942c-eb600c3b68e8
Obse994f86d674f5005889b03e74555fec5,OK,200,2894,https://dev-api.va.gov/services/fhir/v0/dstu2/Observation/e994f86d-674f-5005-889b-03e74555fec5
Obsea32fe43306a5d0db798e2ef8b7f7443,OK,200,5586,https://dev-api.va.gov/services/fhir/v0/dstu2/Observation/ea32fe43-306a-5d0d-b798-e2ef8b7f7443
Obsea6f4de74e7357a3bb2cf24e06159fd6,OK,200,2336,https://dev-api.va.gov/services/fhir/v0/dstu2/Observation/ea6f4de7-4e73-57a3-bb2c-f24e06159fd6
Obseadb3de60bab5f058e2d35e588aadbec,OK,200,4602,https://dev-api.va.gov/services/fhir/v0/dstu2/Observation/eadb3de6-0bab-5f05-8e2d-35e588aadbec
Obseb116e1d230a519d9eb8b1d63423cd3f,OK,200,1866,https://dev-api.va.gov/services/fhir/v0/dstu2/Observation/eb116e1d-230a-519d-9eb8-b1d63423cd3f
Obsebed124994d55a6ea657db579b649f57,OK,200,2515,https://dev-api.va.gov/services/fhir/v0/dstu2/Observation/ebed1249-94d5-5a6e-a657-db579b649f57
Obsec14a25a8f2955efadf88b0422579bb9,OK,200,2484,https://dev-api.va.gov/services/fhir/v0/dstu2/Observation/ec14a25a-8f29-55ef-adf8-8b0422579bb9
Obsec77cbff4b5d54ff9cced504c7187c8f,OK,200,4053,https://dev-api.va.gov/services/fhir/v0/dstu2/Observation/ec77cbff-4b5d-54ff-9cce-d504c7187c8f
Obsed0ba9024050521db84325b2e46db620,OK,200,2365,https://dev-api.va.gov/services/fhir/v0/dstu2/Observation/ed0ba902-4050-521d-b843-25b2e46db620
Obsed6445abe9da56a4988f53e5918ac3af,OK,200,2147,https://dev-api.va.gov/services/fhir/v0/dstu2/Observation/ed6445ab-e9da-56a4-988f-53e5918ac3af
Obsedd78cd88d9e57fbb9a924366a800a1d,OK,200,3502,https://dev-api.va.gov/services/fhir/v0/dstu2/Observation/edd78cd8-8d9e-57fb-b9a9-24366a800a1d
Obsef76fd14a6265143ae6504e175f49ec4,OK,200,2400,https://dev-api.va.gov/services/fhir/v0/dstu2/Observation/ef76fd14-a626-5143-ae65-04e175f49ec4
Obsef9846de5da55e0d96eac446d949e142,OK,200,2507,https://dev-api.va.gov/services/fhir/v0/dstu2/Observation/ef9846de-5da5-5e0d-96ea-c446d949e142
Obsefba0661a50f57a098f6a953273040ce,OK,200,1895,https://dev-api.va.gov/services/fhir/v0/dstu2/Observation/efba0661-a50f-57a0-98f6-a953273040ce
Obsf061165e015457e8b3f741724ae57960,OK,200,2554,https://dev-api.va.gov/services/fhir/v0/dstu2/Observation/f061165e-0154-57e8-b3f7-41724ae57960
Obsf06d0167ecd157adbb0189ce5433b255,OK,200,2353,https://dev-api.va.gov/services/fhir/v0/dstu2/Observation/f06d0167-ecd1-57ad-bb01-89ce5433b255
Obsf14f332c57f25c6f8d19e6022fa95c13,OK,200,4150,https://dev-api.va.gov/services/fhir/v0/dstu2/Observation/f14f332c-57f2-5c6f-8d19-e6022fa95c13
Obsf220dedd2d745444a1aed423474f0714,OK,200,5210,https://dev-api.va.gov/services/fhir/v0/dstu2/Observation/f220dedd-2d74-5444-a1ae-d423474f0714
Obsf23ae48f5718528f83a49a04df3c688f,OK,200,3281,https://dev-api.va.gov/services/fhir/v0/dstu2/Observation/f23ae48f-5718-528f-83a4-9a04df3c688f
Obsf2b6d8abbc8d5273a0328daf4d073220,OK,200,6291,https://dev-api.va.gov/services/fhir/v0/dstu2/Observation/f2b6d8ab-bc8d-5273-a032-8daf4d073220
Obsf45f6bd34c4151f383ba7e3340877f89,OK,200,3044,https://dev-api.va.gov/services/fhir/v0/dstu2/Observation/f45f6bd3-4c41-51f3-83ba-7e3340877f89
Obsf4cb5df922545d8d91234292a5f75d4c,OK,200,2035,https://dev-api.va.gov/services/fhir/v0/dstu2/Observation/f4cb5df9-2254-5d8d-9123-4292a5f75d4c
Obsf4d69e41276d589f89f2563e0331d325,OK,200,4749,https://dev-api.va.gov/services/fhir/v0/dstu2/Observation/f4d69e41-276d-589f-89f2-563e0331d325
Obsf511b06de9fc5c94a8d8c7efa5e92b06,OK,200,3427,https://dev-api.va.gov/services/fhir/v0/dstu2/Observation/f511b06d-e9fc-5c94-a8d8-c7efa5e92b06
Obsf74f5af3e6f65d1a842da5e820d112e3,OK,200,2540,https://dev-api.va.gov/services/fhir/v0/dstu2/Observation/f74f5af3-e6f6-5d1a-842d-a5e820d112e3
Obsf78ed40483e451539055700b5cd8e502,OK,200,2822,https://dev-api.va.gov/services/fhir/v0/dstu2/Observation/f78ed404-83e4-5153-9055-700b5cd8e502
Obsf7d0f175d25f512b983595ab9df1981b,OK,200,2611,https://dev-api.va.gov/services/fhir/v0/dstu2/Observation/f7d0f175-d25f-512b-9835-95ab9df1981b
Obsf87eb99b25a05176b2136b43f3bc3a4b,OK,200,2747,https://dev-api.va.gov/services/fhir/v0/dstu2/Observation/f87eb99b-25a0-5176-b213-6b43f3bc3a4b
Obsf9c7e8e3017150f7853535be74ccd5af,OK,200,1903,https://dev-api.va.gov/services/fhir/v0/dstu2/Observation/f9c7e8e3-0171-50f7-8535-35be74ccd5af
Obsfa56d0999ef35c43853772acb358c645,OK,200,2464,https://dev-api.va.gov/services/fhir/v0/dstu2/Observation/fa56d099-9ef3-5c43-8537-72acb358c645
Obsfa7693c5979757fbab2d4dd4482fa37e,OK,200,2215,https://dev-api.va.gov/services/fhir/v0/dstu2/Observation/fa7693c5-9797-57fb-ab2d-4dd4482fa37e
Obsfb216abce2575fbb952c4ce45920d7fb,OK,200,2244,https://dev-api.va.gov/services/fhir/v0/dstu2/Observation/fb216abc-e257-5fbb-952c-4ce45920d7fb
Obsfba4cf6df53456209ace482168656162,OK,200,1846,https://dev-api.va.gov/services/fhir/v0/dstu2/Observation/fba4cf6d-f534-5620-9ace-482168656162
Obsfbc8520994a952d3b5815168b871f5c4,OK,200,2319,https://dev-api.va.gov/services/fhir/v0/dstu2/Observation/fbc85209-94a9-52d3-b581-5168b871f5c4
Obsfbf616c18cfa56c18461d647e91409ac,OK,200,2451,https://dev-api.va.gov/services/fhir/v0/dstu2/Observation/fbf616c1-8cfa-56c1-8461-d647e91409ac
Obsfc6a9b9e01925bffb785ed22798467ce,OK,200,2539,https://dev-api.va.gov/services/fhir/v0/dstu2/Observation/fc6a9b9e-0192-5bff-b785-ed22798467ce
Obsfc7c21dd0538598686c36949a76194b1,OK,200,2478,https://dev-api.va.gov/services/fhir/v0/dstu2/Observation/fc7c21dd-0538-5986-86c3-6949a76194b1
Obsfd43cb9f0a01573e9882c906609b44f9,OK,200,2914,https://dev-api.va.gov/services/fhir/v0/dstu2/Observation/fd43cb9f-0a01-573e-9882-c906609b44f9
Obsfdd870d84f835b86bb0226965b4ad4ea,OK,200,2316,https://dev-api.va.gov/services/fhir/v0/dstu2/Observation/fdd870d8-4f83-5b86-bb02-26965b4ad4ea
Obsfe06f246814b5b97b1c9b2ba950afbd0,OK,200,2402,https://dev-api.va.gov/services/fhir/v0/dstu2/Observation/fe06f246-814b-5b97-b1c9-b2ba950afbd0
Obsfea89cec79b957459177dc9f60547d09,OK,200,2002,https://dev-api.va.gov/services/fhir/v0/dstu2/Observation/fea89cec-79b9-5745-9177-dc9f60547d09
Obsfebaf6218ae35f45ab5781680c59146f,OK,200,3338,https://dev-api.va.gov/services/fhir/v0/dstu2/Observation/febaf621-8ae3-5f45-ab57-81680c59146f
Pat43000466,OK,200,2093,https://dev-api.va.gov/services/fhir/v0/dstu2/Patient/43000466
Pat43000466,OK,200,4424,https://dev-api.va.gov/services/argonaut/v0/Patient/43000466
Patid43000466,OK,200,3254,https://dev-api.va.gov/services/argonaut/v0/Patient?_id=43000466
ProP43000466,INVALID_STATUS,500,10826,https://dev-api.va.gov/services/argonaut/v0/Procedure?patient=43000466
