AllInt2ce2ff4aa90251cebffa3ef0027d7aa6,OK,200,2188,https://dev-api.va.gov/services/fhir/v0/dstu2/AllergyIntolerance/2ce2ff4a-a902-51ce-bffa-3ef0027d7aa6
AllIntP1017283148V813263,OK,200,3494,https://dev-api.va.gov/services/argonaut/v0/AllergyIntolerance?patient=1017283148V813263
Con02b244f8fb425f069fbc94c1969eeeee,OK,200,2182,https://dev-api.va.gov/services/fhir/v0/dstu2/Condition/02b244f8-fb42-5f06-9fbc-94c1969eeeee
Con05d8d3bebfb3554bbf202d525e4cc9ac,OK,200,2170,https://dev-api.va.gov/services/fhir/v0/dstu2/Condition/05d8d3be-bfb3-554b-bf20-2d525e4cc9ac
Con1b931ed1c23c54b58b6cdbfe6a715175,OK,200,2009,https://dev-api.va.gov/services/fhir/v0/dstu2/Condition/1b931ed1-c23c-54b5-8b6c-dbfe6a715175
Con1bb63197c0885b7191f2e223bf41b4be,OK,200,2034,https://dev-api.va.gov/services/fhir/v0/dstu2/Condition/1bb63197-c088-5b71-91f2-e223bf41b4be
Con205acb6045a959eea807bfa9fc0b6e64,OK,200,2376,https://dev-api.va.gov/services/fhir/v0/dstu2/Condition/205acb60-45a9-59ee-a807-bfa9fc0b6e64
Con421cb558d8795eadbb75d6f3b5a9e5de,OK,200,2531,https://dev-api.va.gov/services/fhir/v0/dstu2/Condition/421cb558-d879-5ead-bb75-d6f3b5a9e5de
Con4e3dca164dd65855b9db7443c0ef3457,OK,200,2235,https://dev-api.va.gov/services/fhir/v0/dstu2/Condition/4e3dca16-4dd6-5855-b9db-7443c0ef3457
Con4fa07df0d2ff5a85808266f51fd3792e,OK,200,2074,https://dev-api.va.gov/services/fhir/v0/dstu2/Condition/4fa07df0-d2ff-5a85-8082-66f51fd3792e
Con512a385dc98a533590ceffcf54887a2e,OK,200,2646,https://dev-api.va.gov/services/fhir/v0/dstu2/Condition/512a385d-c98a-5335-90ce-ffcf54887a2e
Con597a6cd76f8654a8ab88bc67a178c694,OK,200,2139,https://dev-api.va.gov/services/fhir/v0/dstu2/Condition/597a6cd7-6f86-54a8-ab88-bc67a178c694
Con6c654c721ed55ce1a1264a0ca9aa8654,OK,200,2541,https://dev-api.va.gov/services/fhir/v0/dstu2/Condition/6c654c72-1ed5-5ce1-a126-4a0ca9aa8654
Con7a9ab119767b54ef8978c54c499f2f1c,OK,200,2324,https://dev-api.va.gov/services/fhir/v0/dstu2/Condition/7a9ab119-767b-54ef-8978-c54c499f2f1c
Con86cd8ca5708d59f58ea31f57b20173b2,OK,200,2278,https://dev-api.va.gov/services/fhir/v0/dstu2/Condition/86cd8ca5-708d-59f5-8ea3-1f57b20173b2
Con93c13e95c9ff5c57a7e387128ebd60dc,OK,200,2067,https://dev-api.va.gov/services/fhir/v0/dstu2/Condition/93c13e95-c9ff-5c57-a7e3-87128ebd60dc
Con9b0405c2706354edb0dcaedaa99cba23,OK,200,2065,https://dev-api.va.gov/services/fhir/v0/dstu2/Condition/9b0405c2-7063-54ed-b0dc-aedaa99cba23
ConP1017283148V813263,OK,200,6318,https://dev-api.va.gov/services/argonaut/v0/Condition?patient=1017283148V813263
ConP1017283148V813263page2count15,OK,200,3338,https://dev-api.va.gov/services/fhir/v0/dstu2/Condition?patient=1017283148V813263&page=2&_count=15
Cona5530089eeb15749b76797ffb0e66a68,OK,200,2568,https://dev-api.va.gov/services/fhir/v0/dstu2/Condition/a5530089-eeb1-5749-b767-97ffb0e66a68
Cona64a8e5a94365aed94016c9468f59aa4,OK,200,1928,https://dev-api.va.gov/services/fhir/v0/dstu2/Condition/a64a8e5a-9436-5aed-9401-6c9468f59aa4
Conb387654a03b45021bb7853ccf166da6d,OK,200,1591,https://dev-api.va.gov/services/fhir/v0/dstu2/Condition/b387654a-03b4-5021-bb78-53ccf166da6d
Conb99aa62d27b95690bb68a6d5bd4b995c,OK,200,1704,https://dev-api.va.gov/services/fhir/v0/dstu2/Condition/b99aa62d-27b9-5690-bb68-a6d5bd4b995c
Conba5467fa3a375b8a9fb5888a0de12fe2,OK,200,1817,https://dev-api.va.gov/services/fhir/v0/dstu2/Condition/ba5467fa-3a37-5b8a-9fb5-888a0de12fe2
Conc8ef55fffbd65a109912dabb0c866822,OK,200,2454,https://dev-api.va.gov/services/fhir/v0/dstu2/Condition/c8ef55ff-fbd6-5a10-9912-dabb0c866822
Concf07cd4745b75ce8b9209236d0ebe377,OK,200,1970,https://dev-api.va.gov/services/fhir/v0/dstu2/Condition/cf07cd47-45b7-5ce8-b920-9236d0ebe377
Cond1f154ec971a539ba74cb0d1d7bfebab,OK,200,2294,https://dev-api.va.gov/services/fhir/v0/dstu2/Condition/d1f154ec-971a-539b-a74c-b0d1d7bfebab
Condcf2695d601858be825061a288d6c846,OK,200,2249,https://dev-api.va.gov/services/fhir/v0/dstu2/Condition/dcf2695d-6018-58be-8250-61a288d6c846
Cone9382261854b55fab5aa4cb53e2b3a11,OK,200,2480,https://dev-api.va.gov/services/fhir/v0/dstu2/Condition/e9382261-854b-55fa-b5aa-4cb53e2b3a11
Confaaf3fc7492056db9da3e2b3381b5b57,OK,200,2111,https://dev-api.va.gov/services/fhir/v0/dstu2/Condition/faaf3fc7-4920-56db-9da3-e2b3381b5b57
DiaRep1eac91ce9f465d5daa42f470cfcf5280,OK,200,4326,https://dev-api.va.gov/services/fhir/v0/dstu2/DiagnosticReport/1eac91ce-9f46-5d5d-aa42-f470cfcf5280
DiaRep429f9c2c20425387824f005f7840b32f,OK,200,4607,https://dev-api.va.gov/services/fhir/v0/dstu2/DiagnosticReport/429f9c2c-2042-5387-824f-005f7840b32f
DiaRep4e88d266ab7a5278ad0e08f6e86dda17,OK,200,2678,https://dev-api.va.gov/services/fhir/v0/dstu2/DiagnosticReport/4e88d266-ab7a-5278-ad0e-08f6e86dda17
DiaRep62f9d397a13a56adab8f388590d8ce7c,OK,200,4369,https://dev-api.va.gov/services/fhir/v0/dstu2/DiagnosticReport/62f9d397-a13a-56ad-ab8f-388590d8ce7c
DiaRep8510241f957a5286a8ea77544f60f95f,OK,200,4632,https://dev-api.va.gov/services/fhir/v0/dstu2/DiagnosticReport/8510241f-957a-5286-a8ea-77544f60f95f
DiaRep90ca45bdf3985e0eaf947043ba8eb363,OK,200,4837,https://dev-api.va.gov/services/fhir/v0/dstu2/DiagnosticReport/90ca45bd-f398-5e0e-af94-7043ba8eb363
DiaRep92ab58a6c4e150109da9e0b9bcab6fd2,OK,200,4704,https://dev-api.va.gov/services/fhir/v0/dstu2/DiagnosticReport/92ab58a6-c4e1-5010-9da9-e0b9bcab6fd2
DiaRep98a71c2007ba5199bbf8a13151621a06,OK,200,4510,https://dev-api.va.gov/services/fhir/v0/dstu2/DiagnosticReport/98a71c20-07ba-5199-bbf8-a13151621a06
DiaRep9e31f8317a64566f8dddc9398b04a1af,OK,200,4475,https://dev-api.va.gov/services/fhir/v0/dstu2/DiagnosticReport/9e31f831-7a64-566f-8ddd-c9398b04a1af
DiaRep9f6d642b61a157888da70653932236b9,OK,200,3913,https://dev-api.va.gov/services/fhir/v0/dstu2/DiagnosticReport/9f6d642b-61a1-5788-8da7-0653932236b9
DiaRepP1017283148V813263,OK,200,13088,https://dev-api.va.gov/services/argonaut/v0/DiagnosticReport?patient=1017283148V813263
DiaRepa97e9bc7444b59309186fd2bfe3571a8,OK,200,5341,https://dev-api.va.gov/services/fhir/v0/dstu2/DiagnosticReport/a97e9bc7-444b-5930-9186-fd2bfe3571a8
DiaRepbb0003e12dc65399b992f341df2a2782,OK,200,3806,https://dev-api.va.gov/services/fhir/v0/dstu2/DiagnosticReport/bb0003e1-2dc6-5399-b992-f341df2a2782
DiaRepc75b3bece50c5c9e957a82875fff5651,OK,200,3738,https://dev-api.va.gov/services/fhir/v0/dstu2/DiagnosticReport/c75b3bec-e50c-5c9e-957a-82875fff5651
DiaRepcd693ec6601158e987a17b213396219f,OK,200,3186,https://dev-api.va.gov/services/fhir/v0/dstu2/DiagnosticReport/cd693ec6-6011-58e9-87a1-7b213396219f
Imm12c16ccb0ff05c749186ef8530432510,OK,200,2013,https://dev-api.va.gov/services/fhir/v0/dstu2/Immunization/12c16ccb-0ff0-5c74-9186-ef8530432510
Imm169f7f5dee445416b2f9f8c2ef22baf8,OK,200,2272,https://dev-api.va.gov/services/fhir/v0/dstu2/Immunization/169f7f5d-ee44-5416-b2f9-f8c2ef22baf8
Imm188f0f7946b65d5488a1b45d91433c04,OK,200,2120,https://dev-api.va.gov/services/fhir/v0/dstu2/Immunization/188f0f79-46b6-5d54-88a1-b45d91433c04
Imm2eefeff8d928555e88c5d96608a7042d,OK,200,1841,https://dev-api.va.gov/services/fhir/v0/dstu2/Immunization/2eefeff8-d928-555e-88c5-d96608a7042d
Imm3c1d8300e1f65bd0a931e2829150e0c1,OK,200,1822,https://dev-api.va.gov/services/fhir/v0/dstu2/Immunization/3c1d8300-e1f6-5bd0-a931-e2829150e0c1
Imm4230e70dd30056709c2269e2b27a544f,OK,200,1812,https://dev-api.va.gov/services/fhir/v0/dstu2/Immunization/4230e70d-d300-5670-9c22-69e2b27a544f
Imm5c300cf975425721adff2abd2b4525eb,OK,200,1834,https://dev-api.va.gov/services/fhir/v0/dstu2/Immunization/5c300cf9-7542-5721-adff-2abd2b4525eb
Imm6710bd9adc6d5a01ac7b7a2009dec815,OK,200,2247,https://dev-api.va.gov/services/fhir/v0/dstu2/Immunization/6710bd9a-dc6d-5a01-ac7b-7a2009dec815
Imm86338a5379cb5f19995c57af05e3b08f,OK,200,2448,https://dev-api.va.gov/services/fhir/v0/dstu2/Immunization/86338a53-79cb-5f19-995c-57af05e3b08f
ImmP1017283148V813263,OK,200,3507,https://dev-api.va.gov/services/argonaut/v0/Immunization?patient=1017283148V813263
Immab6a25d5ce095cff92594542fab4cd57,OK,200,2624,https://dev-api.va.gov/services/fhir/v0/dstu2/Immunization/ab6a25d5-ce09-5cff-9259-4542fab4cd57
Immc4cbcde543cb59f58b011c626af18607,OK,200,2577,https://dev-api.va.gov/services/fhir/v0/dstu2/Immunization/c4cbcde5-43cb-59f5-8b01-1c626af18607
Immf421c2b1da62522e8b359262f8d9ddbd,OK,200,2631,https://dev-api.va.gov/services/fhir/v0/dstu2/Immunization/f421c2b1-da62-522e-8b35-9262f8d9ddbd
Immfd7d76e79e2d56dfa6d7517536e37634,OK,200,2547,https://dev-api.va.gov/services/fhir/v0/dstu2/Immunization/fd7d76e7-9e2d-56df-a6d7-517536e37634
Med3d344691c6805bd98834a68f7d5948d4,OK,200,2084,https://dev-api.va.gov/services/fhir/v0/dstu2/Medication/3d344691-c680-5bd9-8834-a68f7d5948d4
Med3df5cbc9da6f5e36bb72234cee90f401,OK,200,1754,https://dev-api.va.gov/services/fhir/v0/dstu2/Medication/3df5cbc9-da6f-5e36-bb72-234cee90f401
Med68d3df58daf956d3b130b118975f4190,OK,200,1731,https://dev-api.va.gov/services/fhir/v0/dstu2/Medication/68d3df58-daf9-56d3-b130-b118975f4190
Med952818c27b995e46ab25c1bad409579d,OK,200,1556,https://dev-api.va.gov/services/fhir/v0/dstu2/Medication/952818c2-7b99-5e46-ab25-c1bad409579d
Med9d632274975d5713ac9f3600aa9ddbda,OK,200,1533,https://dev-api.va.gov/services/fhir/v0/dstu2/Medication/9d632274-975d-5713-ac9f-3600aa9ddbda
MedOrd1020b7cebe2a5692bf80ec6f01d77337,OK,200,2501,https://dev-api.va.gov/services/fhir/v0/dstu2/MedicationOrder/1020b7ce-be2a-5692-bf80-ec6f01d77337
MedOrd505d23770a615cf0b81893ecfb7ac808,OK,200,2347,https://dev-api.va.gov/services/fhir/v0/dstu2/MedicationOrder/505d2377-0a61-5cf0-b818-93ecfb7ac808
MedOrd88baac997251595988d699fbb6e89837,OK,200,2401,https://dev-api.va.gov/services/fhir/v0/dstu2/MedicationOrder/88baac99-7251-5959-88d6-99fbb6e89837
MedOrdP1017283148V813263,OK,200,4677,https://dev-api.va.gov/services/argonaut/v0/MedicationOrder?patient=1017283148V813263
MedOrda104cf99a2805eeba25c5476d1cb1499,OK,200,2249,https://dev-api.va.gov/services/fhir/v0/dstu2/MedicationOrder/a104cf99-a280-5eeb-a25c-5476d1cb1499
MedOrddf529456579350d6890d5908daed331b,OK,200,2075,https://dev-api.va.gov/services/fhir/v0/dstu2/MedicationOrder/df529456-5793-50d6-890d-5908daed331b
MedSta2d596b12c04f5084a839ba003e5936de,OK,200,1834,https://dev-api.va.gov/services/fhir/v0/dstu2/MedicationStatement/2d596b12-c04f-5084-a839-ba003e5936de
MedSta2e56c22d08d45369bc1fea57c460a4b2,OK,200,1865,https://dev-api.va.gov/services/fhir/v0/dstu2/MedicationStatement/2e56c22d-08d4-5369-bc1f-ea57c460a4b2
MedSta5a7b2366e7185d168b59a2623aabbdcf,OK,200,2243,https://dev-api.va.gov/services/fhir/v0/dstu2/MedicationStatement/5a7b2366-e718-5d16-8b59-a2623aabbdcf
MedSta643964a2a8ef559cbe2a8fe6820c6fed,OK,200,2377,https://dev-api.va.gov/services/fhir/v0/dstu2/MedicationStatement/643964a2-a8ef-559c-be2a-8fe6820c6fed
MedStaP1017283148V813263,OK,200,4533,https://dev-api.va.gov/services/argonaut/v0/MedicationStatement?patient=1017283148V813263
MedStab2bf2a87c7d85fb5ad8810091a822188,OK,200,1806,https://dev-api.va.gov/services/fhir/v0/dstu2/MedicationStatement/b2bf2a87-c7d8-5fb5-ad88-10091a822188
Obs00d03821ba3a588eaddb687c0dda39fa,OK,200,3037,https://dev-api.va.gov/services/fhir/v0/dstu2/Observation/00d03821-ba3a-588e-addb-687c0dda39fa
Obs02086b38a46955cfac62c44215a2205b,OK,200,2551,https://dev-api.va.gov/services/fhir/v0/dstu2/Observation/02086b38-a469-55cf-ac62-c44215a2205b
Obs02472bf37eb7583391b42308af0f258c,OK,200,3135,https://dev-api.va.gov/services/fhir/v0/dstu2/Observation/02472bf3-7eb7-5833-91b4-2308af0f258c
Obs041e565d2de55f3aae8567d5377ba257,OK,200,2542,https://dev-api.va.gov/services/fhir/v0/dstu2/Observation/041e565d-2de5-5f3a-ae85-67d5377ba257
Obs067d6706e75850a683d6d4bc8929e019,OK,200,2602,https://dev-api.va.gov/services/fhir/v0/dstu2/Observation/067d6706-e758-50a6-83d6-d4bc8929e019
Obs080310f057fb53edb8f652831b967615,OK,200,3042,https://dev-api.va.gov/services/fhir/v0/dstu2/Observation/080310f0-57fb-53ed-b8f6-52831b967615
Obs09cff8e4deaa5328b8f83fa6d2f0edea,OK,200,2973,https://dev-api.va.gov/services/fhir/v0/dstu2/Observation/09cff8e4-deaa-5328-b8f8-3fa6d2f0edea
Obs09ed51db7b4b55629cde911d73d5f580,OK,200,2373,https://dev-api.va.gov/services/fhir/v0/dstu2/Observation/09ed51db-7b4b-5562-9cde-911d73d5f580
Obs0a2c587aef265a5aa796918b60f41782,OK,200,2770,https://dev-api.va.gov/services/fhir/v0/dstu2/Observation/0a2c587a-ef26-5a5a-a796-918b60f41782
Obs0a47ac3601ae5a9984321b6667feac12,OK,200,2395,https://dev-api.va.gov/services/fhir/v0/dstu2/Observation/0a47ac36-01ae-5a99-8432-1b6667feac12
Obs0be2e4e62a905db4b79089c1e775f1ab,OK,200,2081,https://dev-api.va.gov/services/fhir/v0/dstu2/Observation/0be2e4e6-2a90-5db4-b790-89c1e775f1ab
Obs0dc47169f045580683fc67fc960b539f,OK,200,3695,https://dev-api.va.gov/services/fhir/v0/dstu2/Observation/0dc47169-f045-5806-83fc-67fc960b539f
Obs0ecf7ce4e30c5215a82b1c538c4b47f7,OK,200,3039,https://dev-api.va.gov/services/fhir/v0/dstu2/Observation/0ecf7ce4-e30c-5215-a82b-1c538c4b47f7
Obs0f7e26dd75d15db093e52254af318407,OK,200,2645,https://dev-api.va.gov/services/fhir/v0/dstu2/Observation/0f7e26dd-75d1-5db0-93e5-2254af318407
Obs112af8024ba85a06bfedffb3f3395116,OK,200,2820,https://dev-api.va.gov/services/fhir/v0/dstu2/Observation/112af802-4ba8-5a06-bfed-ffb3f3395116
Obs14225f9e75cf56bea5d9656cbb9b48d7,OK,200,2306,https://dev-api.va.gov/services/fhir/v0/dstu2/Observation/14225f9e-75cf-56be-a5d9-656cbb9b48d7
Obs17299cd34bf25aaea0bbcd721f4eaa1b,OK,200,2972,https://dev-api.va.gov/services/fhir/v0/dstu2/Observation/17299cd3-4bf2-5aae-a0bb-cd721f4eaa1b
Obs18c38b9e55825287b71b1c118e2001bd,OK,200,2444,https://dev-api.va.gov/services/fhir/v0/dstu2/Observation/18c38b9e-5582-5287-b71b-1c118e2001bd
Obs1dd306d98abf5f2eb859318a428e7a19,OK,200,3065,https://dev-api.va.gov/services/fhir/v0/dstu2/Observation/1dd306d9-8abf-5f2e-b859-318a428e7a19
Obs1e45f1c6e6ac556587c91aa757335d69,OK,200,2265,https://dev-api.va.gov/services/fhir/v0/dstu2/Observation/1e45f1c6-e6ac-5565-87c9-1aa757335d69
Obs1f73ca37a792597d890a6392b8ad58aa,OK,200,2153,https://dev-api.va.gov/services/fhir/v0/dstu2/Observation/1f73ca37-a792-597d-890a-6392b8ad58aa
Obs21f0521a7e4a538da4e7348fa8e86e9a,OK,200,2516,https://dev-api.va.gov/services/fhir/v0/dstu2/Observation/21f0521a-7e4a-538d-a4e7-348fa8e86e9a
Obs28a92f556b5b55dc8d456f148e0e0e8d,OK,200,3041,https://dev-api.va.gov/services/fhir/v0/dstu2/Observation/28a92f55-6b5b-55dc-8d45-6f148e0e0e8d
Obs2a5ee9e9abe159f8a67b78fc5b81a941,OK,200,2159,https://dev-api.va.gov/services/fhir/v0/dstu2/Observation/2a5ee9e9-abe1-59f8-a67b-78fc5b81a941
Obs2b14a734df1d563cb51f56388be6314e,OK,200,2541,https://dev-api.va.gov/services/fhir/v0/dstu2/Observation/2b14a734-df1d-563c-b51f-56388be6314e
Obs2be78443a2e7572d9e48c88ab1298ce9,OK,200,2594,https://dev-api.va.gov/services/fhir/v0/dstu2/Observation/2be78443-a2e7-572d-9e48-c88ab1298ce9
Obs2d151b07a10a5fcab873d180b1406b80,OK,200,2506,https://dev-api.va.gov/services/fhir/v0/dstu2/Observation/2d151b07-a10a-5fca-b873-d180b1406b80
Obs2f926340c3d858f49b447a8b86326ce1,OK,200,3044,https://dev-api.va.gov/services/fhir/v0/dstu2/Observation/2f926340-c3d8-58f4-9b44-7a8b86326ce1
Obs319704dfecf3590283211f4b9ba96437,OK,200,3229,https://dev-api.va.gov/services/fhir/v0/dstu2/Observation/319704df-ecf3-5902-8321-1f4b9ba96437
Obs332980dc2604588fa46f77eb51ff9d66,OK,200,2602,https://dev-api.va.gov/services/fhir/v0/dstu2/Observation/332980dc-2604-588f-a46f-77eb51ff9d66
Obs367604ef3b1855a0a0dadd4bfa28a81d,OK,200,2865,https://dev-api.va.gov/services/fhir/v0/dstu2/Observation/367604ef-3b18-55a0-a0da-dd4bfa28a81d
Obs3697c477c2af5dd199dbce5405f22e2b,OK,200,2382,https://dev-api.va.gov/services/fhir/v0/dstu2/Observation/3697c477-c2af-5dd1-99db-ce5405f22e2b
Obs36a2a14e9a0156e6879eecce3685f418,OK,200,2566,https://dev-api.va.gov/services/fhir/v0/dstu2/Observation/36a2a14e-9a01-56e6-879e-ecce3685f418
Obs37b3c1d4b1695603b1e667bb0ce1f121,OK,200,3017,https://dev-api.va.gov/services/fhir/v0/dstu2/Observation/37b3c1d4-b169-5603-b1e6-67bb0ce1f121
Obs37d54175304c5d4b998227e55ce7f80e,OK,200,2357,https://dev-api.va.gov/services/fhir/v0/dstu2/Observation/37d54175-304c-5d4b-9982-27e55ce7f80e
Obs3ae3a60e685458ff9d7d69957503ce10,OK,200,2426,https://dev-api.va.gov/services/fhir/v0/dstu2/Observation/3ae3a60e-6854-58ff-9d7d-69957503ce10
Obs3f4893e0bfa65378b5185db98d9fe5bf,OK,200,2152,https://dev-api.va.gov/services/fhir/v0/dstu2/Observation/3f4893e0-bfa6-5378-b518-5db98d9fe5bf
Obs3f50f83c25db58348ec7448f9e6c6bed,OK,200,2533,https://dev-api.va.gov/services/fhir/v0/dstu2/Observation/3f50f83c-25db-5834-8ec7-448f9e6c6bed
Obs40b9c45a2a445e0aa58eb2c8a15a0d83,OK,200,2744,https://dev-api.va.gov/services/fhir/v0/dstu2/Observation/40b9c45a-2a44-5e0a-a58e-b2c8a15a0d83
Obs4206ce69a7905019b0c11a7d0b59c5bd,OK,200,2413,https://dev-api.va.gov/services/fhir/v0/dstu2/Observation/4206ce69-a790-5019-b0c1-1a7d0b59c5bd
Obs43dc3e298032544da970ca8ab67019c5,OK,200,2624,https://dev-api.va.gov/services/fhir/v0/dstu2/Observation/43dc3e29-8032-544d-a970-ca8ab67019c5
Obs47c44b51281c5e83af6c368e3e279ce4,OK,200,2239,https://dev-api.va.gov/services/fhir/v0/dstu2/Observation/47c44b51-281c-5e83-af6c-368e3e279ce4
Obs4f5928d5e0d25abeab709fa771048557,OK,200,2597,https://dev-api.va.gov/services/fhir/v0/dstu2/Observation/4f5928d5-e0d2-5abe-ab70-9fa771048557
Obs52b1540dd6115a029259030cdbd6ad22,OK,200,2930,https://dev-api.va.gov/services/fhir/v0/dstu2/Observation/52b1540d-d611-5a02-9259-030cdbd6ad22
Obs5729ed08337c5040aa8fd861897873a0,OK,200,2572,https://dev-api.va.gov/services/fhir/v0/dstu2/Observation/5729ed08-337c-5040-aa8f-d861897873a0
Obs575f442245575ac3bbad67f8c6cf98db,OK,200,2392,https://dev-api.va.gov/services/fhir/v0/dstu2/Observation/575f4422-4557-5ac3-bbad-67f8c6cf98db
Obs588d1596e2ef5e699ae45be2d1737ea5,OK,200,3072,https://dev-api.va.gov/services/fhir/v0/dstu2/Observation/588d1596-e2ef-5e69-9ae4-5be2d1737ea5
Obs5d60b87feab054e0ae55f32a096048d7,OK,200,2034,https://dev-api.va.gov/services/fhir/v0/dstu2/Observation/5d60b87f-eab0-54e0-ae55-f32a096048d7
Obs60c7d3ac449a5029aaa9fd1215bba712,OK,200,2007,https://dev-api.va.gov/services/fhir/v0/dstu2/Observation/60c7d3ac-449a-5029-aaa9-fd1215bba712
Obs6243c9ac3bce53a3a9668c6cf996dc32,OK,200,2137,https://dev-api.va.gov/services/fhir/v0/dstu2/Observation/6243c9ac-3bce-53a3-a966-8c6cf996dc32
Obs634b36065afc54efa34c05379e4b5a5a,OK,200,2381,https://dev-api.va.gov/services/fhir/v0/dstu2/Observation/634b3606-5afc-54ef-a34c-05379e4b5a5a
Obs66359436b5db531a88eec667f2e4e3b4,OK,200,2549,https://dev-api.va.gov/services/fhir/v0/dstu2/Observation/66359436-b5db-531a-88ee-c667f2e4e3b4
Obs6a3e35454d62505aaf6336c1802ae763,OK,200,2444,https://dev-api.va.gov/services/fhir/v0/dstu2/Observation/6a3e3545-4d62-505a-af63-36c1802ae763
Obs6ab65b43feb0525ab2cd38a5c3af6c9c,OK,200,2245,https://dev-api.va.gov/services/fhir/v0/dstu2/Observation/6ab65b43-feb0-525a-b2cd-38a5c3af6c9c
Obs6b55752f122d57ada568d14fb928272e,OK,200,1967,https://dev-api.va.gov/services/fhir/v0/dstu2/Observation/6b55752f-122d-57ad-a568-d14fb928272e
Obs6cb8b9054fdc5ee3b0589f40c98219bd,OK,200,2901,https://dev-api.va.gov/services/fhir/v0/dstu2/Observation/6cb8b905-4fdc-5ee3-b058-9f40c98219bd
Obs6fa0871b2518588d8ebb6596713b9130,OK,200,2420,https://dev-api.va.gov/services/fhir/v0/dstu2/Observation/6fa0871b-2518-588d-8ebb-6596713b9130
Obs700676971f4a59569c86f6773fa42906,OK,200,2874,https://dev-api.va.gov/services/fhir/v0/dstu2/Observation/70067697-1f4a-5956-9c86-f6773fa42906
Obs716054ac2a4b595eb726a8d74e7855bc,OK,200,2211,https://dev-api.va.gov/services/fhir/v0/dstu2/Observation/716054ac-2a4b-595e-b726-a8d74e7855bc
Obs771b6c46dcb0518080ced92cd2a7991f,OK,200,2185,https://dev-api.va.gov/services/fhir/v0/dstu2/Observation/771b6c46-dcb0-5180-80ce-d92cd2a7991f
Obs7763544344c5569f94dbeed8aeaefbaf,OK,200,2235,https://dev-api.va.gov/services/fhir/v0/dstu2/Observation/77635443-44c5-569f-94db-eed8aeaefbaf
Obs7a0e906b5c3056eba7aa6d85bed25a01,OK,200,2318,https://dev-api.va.gov/services/fhir/v0/dstu2/Observation/7a0e906b-5c30-56eb-a7aa-6d85bed25a01
Obs7c123c1a2c1c5d4ab3bdacc8b9dd57e1,OK,200,1831,https://dev-api.va.gov/services/fhir/v0/dstu2/Observation/7c123c1a-2c1c-5d4a-b3bd-acc8b9dd57e1
Obs7e4a92189b7a5ec38e9d0d93b9ec07b7,OK,200,2508,https://dev-api.va.gov/services/fhir/v0/dstu2/Observation/7e4a9218-9b7a-5ec3-8e9d-0d93b9ec07b7
Obs7f9352a4f9df5c11b0118a0bb74e80a6,OK,200,2655,https://dev-api.va.gov/services/fhir/v0/dstu2/Observation/7f9352a4-f9df-5c11-b011-8a0bb74e80a6
Obs7fd512e5db565e2488a802b30e52688f,OK,200,2478,https://dev-api.va.gov/services/fhir/v0/dstu2/Observation/7fd512e5-db56-5e24-88a8-02b30e52688f
Obs7fe1bfb88b135b61aadd989178c1323c,OK,200,2263,https://dev-api.va.gov/services/fhir/v0/dstu2/Observation/7fe1bfb8-8b13-5b61-aadd-989178c1323c
Obs80fcd725e9795e48b82b7c3ddc813e23,OK,200,2088,https://dev-api.va.gov/services/fhir/v0/dstu2/Observation/80fcd725-e979-5e48-b82b-7c3ddc813e23
Obs824fdccb3e905bdbb13b5687158023eb,OK,200,1976,https://dev-api.va.gov/services/fhir/v0/dstu2/Observation/824fdccb-3e90-5bdb-b13b-5687158023eb
Obs82fc25f4ee6f520aae3338c011f53e8d,OK,200,2656,https://dev-api.va.gov/services/fhir/v0/dstu2/Observation/82fc25f4-ee6f-520a-ae33-38c011f53e8d
Obs8572932c16e0574f83e826e75f08cbf0,OK,200,1863,https://dev-api.va.gov/services/fhir/v0/dstu2/Observation/8572932c-16e0-574f-83e8-26e75f08cbf0
Obs8711f4126ea05d24a7256206c35a8a69,OK,200,3908,https://dev-api.va.gov/services/fhir/v0/dstu2/Observation/8711f412-6ea0-5d24-a725-6206c35a8a69
Obs8ce069f21cdf5ceeba9364b7ddd5040b,OK,200,2080,https://dev-api.va.gov/services/fhir/v0/dstu2/Observation/8ce069f2-1cdf-5cee-ba93-64b7ddd5040b
Obs8d945177a53e5e57b244c369a2f6d942,OK,200,2497,https://dev-api.va.gov/services/fhir/v0/dstu2/Observation/8d945177-a53e-5e57-b244-c369a2f6d942
Obs8fa9d91392245f6d91aef50a895120fa,OK,200,2734,https://dev-api.va.gov/services/fhir/v0/dstu2/Observation/8fa9d913-9224-5f6d-91ae-f50a895120fa
Obs903af17c4e285de69db59d276843fbd3,OK,200,2222,https://dev-api.va.gov/services/fhir/v0/dstu2/Observation/903af17c-4e28-5de6-9db5-9d276843fbd3
Obs90d61c1b0eb65dedbbed3e24313437b7,OK,200,2025,https://dev-api.va.gov/services/fhir/v0/dstu2/Observation/90d61c1b-0eb6-5ded-bbed-3e24313437b7
Obs91f6d916260255bf8ac03939eb1255fb,OK,200,2533,https://dev-api.va.gov/services/fhir/v0/dstu2/Observation/91f6d916-2602-55bf-8ac0-3939eb1255fb
Obs93b6aaf74fdb5f6d891fdbfc028f1856,OK,200,2523,https://dev-api.va.gov/services/fhir/v0/dstu2/Observation/93b6aaf7-4fdb-5f6d-891f-dbfc028f1856
Obs983ba390fca25e7fabbef8f635202c82,OK,200,2100,https://dev-api.va.gov/services/fhir/v0/dstu2/Observation/983ba390-fca2-5e7f-abbe-f8f635202c82
Obs98c09225f4155e87bc4fe2a15bc2638a,OK,200,2207,https://dev-api.va.gov/services/fhir/v0/dstu2/Observation/98c09225-f415-5e87-bc4f-e2a15bc2638a
Obs9a57ec6207c1581a864cc92e9ff7b3c7,OK,200,2762,https://dev-api.va.gov/services/fhir/v0/dstu2/Observation/9a57ec62-07c1-581a-864c-c92e9ff7b3c7
Obs9adedf576d285e12ae2448bb4efad2b0,OK,200,2566,https://dev-api.va.gov/services/fhir/v0/dstu2/Observation/9adedf57-6d28-5e12-ae24-48bb4efad2b0
Obs9bf06e47ebd05498bf829ea672879d45,OK,200,2006,https://dev-api.va.gov/services/fhir/v0/dstu2/Observation/9bf06e47-ebd0-5498-bf82-9ea672879d45
Obs9c00e0f0a31850398bde68aaf235cc54,OK,200,2701,https://dev-api.va.gov/services/fhir/v0/dstu2/Observation/9c00e0f0-a318-5039-8bde-68aaf235cc54
Obs9db18e8885dd5e3480854015e840c4df,OK,200,2051,https://dev-api.va.gov/services/fhir/v0/dstu2/Observation/9db18e88-85dd-5e34-8085-4015e840c4df
ObsP1017283148V813263,OK,200,6699,https://dev-api.va.gov/services/argonaut/v0/Observation?patient=1017283148V813263
ObsP1017283148V813263page10count15,OK,200,3854,https://dev-api.va.gov/services/fhir/v0/dstu2/Observation?patient=1017283148V813263&page=10&_count=15
ObsP1017283148V813263page2count15,OK,200,4098,https://dev-api.va.gov/services/fhir/v0/dstu2/Observation?patient=1017283148V813263&page=2&_count=15
ObsP1017283148V813263page3count15,OK,200,4447,https://dev-api.va.gov/services/fhir/v0/dstu2/Observation?patient=1017283148V813263&page=3&_count=15
ObsP1017283148V813263page4count15,OK,200,4484,https://dev-api.va.gov/services/fhir/v0/dstu2/Observation?patient=1017283148V813263&page=4&_count=15
ObsP1017283148V813263page5count15,OK,200,4098,https://dev-api.va.gov/services/fhir/v0/dstu2/Observation?patient=1017283148V813263&page=5&_count=15
ObsP1017283148V813263page6count15,OK,200,3882,https://dev-api.va.gov/services/fhir/v0/dstu2/Observation?patient=1017283148V813263&page=6&_count=15
ObsP1017283148V813263page7count15,OK,200,3506,https://dev-api.va.gov/services/fhir/v0/dstu2/Observation?patient=1017283148V813263&page=7&_count=15
ObsP1017283148V813263page8count15,OK,200,3580,https://dev-api.va.gov/services/fhir/v0/dstu2/Observation?patient=1017283148V813263&page=8&_count=15
ObsP1017283148V813263page9count15,OK,200,3838,https://dev-api.va.gov/services/fhir/v0/dstu2/Observation?patient=1017283148V813263&page=9&_count=15
Obsa0ed406dfac15813a4653c981ed9de70,OK,200,2467,https://dev-api.va.gov/services/fhir/v0/dstu2/Observation/a0ed406d-fac1-5813-a465-3c981ed9de70
Obsa1929fa25dbb53d1862a391825602e2b,OK,200,2007,https://dev-api.va.gov/services/fhir/v0/dstu2/Observation/a1929fa2-5dbb-53d1-862a-391825602e2b
Obsa2397e2a04c45d81a083b73ed0a80dee,OK,200,2419,https://dev-api.va.gov/services/fhir/v0/dstu2/Observation/a2397e2a-04c4-5d81-a083-b73ed0a80dee
Obsa32a689fb96453b7bfe2c0a45ba19c7d,OK,200,2884,https://dev-api.va.gov/services/fhir/v0/dstu2/Observation/a32a689f-b964-53b7-bfe2-c0a45ba19c7d
Obsa7939661390e5731b1b5af1bc670c223,OK,200,2666,https://dev-api.va.gov/services/fhir/v0/dstu2/Observation/a7939661-390e-5731-b1b5-af1bc670c223
Obsab4eba6193f05803a4076a6cbfbcfab3,OK,200,2088,https://dev-api.va.gov/services/fhir/v0/dstu2/Observation/ab4eba61-93f0-5803-a407-6a6cbfbcfab3
Obsac8b4c957f4a58c6af2ca9f7558586f5,OK,200,2153,https://dev-api.va.gov/services/fhir/v0/dstu2/Observation/ac8b4c95-7f4a-58c6-af2c-a9f7558586f5
Obsad6c73837e11557c8a183642004df6f0,OK,200,2640,https://dev-api.va.gov/services/fhir/v0/dstu2/Observation/ad6c7383-7e11-557c-8a18-3642004df6f0
Obsad9d60d8f4ea59fab358e2b625450e10,OK,200,2994,https://dev-api.va.gov/services/fhir/v0/dstu2/Observation/ad9d60d8-f4ea-59fa-b358-e2b625450e10
Obsb1751364d7c6559aa6efa1096c7b7472,OK,200,2765,https://dev-api.va.gov/services/fhir/v0/dstu2/Observation/b1751364-d7c6-559a-a6ef-a1096c7b7472
Obsb2d9f6a7c22c58b0bc84f489875257bb,OK,200,2111,https://dev-api.va.gov/services/fhir/v0/dstu2/Observation/b2d9f6a7-c22c-58b0-bc84-f489875257bb
Obsb3cfc7c55f0a576f839940e7bc8e6350,OK,200,2179,https://dev-api.va.gov/services/fhir/v0/dstu2/Observation/b3cfc7c5-5f0a-576f-8399-40e7bc8e6350
Obsb577c27caa3b515ebfe95d301997a2af,OK,200,2050,https://dev-api.va.gov/services/fhir/v0/dstu2/Observation/b577c27c-aa3b-515e-bfe9-5d301997a2af
Obsb6ef9388cfc251c9b1a1661e89751aab,OK,200,2307,https://dev-api.va.gov/services/fhir/v0/dstu2/Observation/b6ef9388-cfc2-51c9-b1a1-661e89751aab
Obsb72438166702504aa2007dff1763288a,OK,200,2670,https://dev-api.va.gov/services/fhir/v0/dstu2/Observation/b7243816-6702-504a-a200-7dff1763288a
Obsbb70fda5f06b5cb0a6ec952cd9e6d45a,OK,200,2333,https://dev-api.va.gov/services/fhir/v0/dstu2/Observation/bb70fda5-f06b-5cb0-a6ec-952cd9e6d45a
Obsbc08fc157d9653ce805948dbedf11e95,OK,200,2327,https://dev-api.va.gov/services/fhir/v0/dstu2/Observation/bc08fc15-7d96-53ce-8059-48dbedf11e95
Obsbe726413e3f45e1c9caac28d15a7b2d4,OK,200,3151,https://dev-api.va.gov/services/fhir/v0/dstu2/Observation/be726413-e3f4-5e1c-9caa-c28d15a7b2d4
Obsbeee64f6fe1a5b8db6b3b0e9fac3e2dd,OK,200,2024,https://dev-api.va.gov/services/fhir/v0/dstu2/Observation/beee64f6-fe1a-5b8d-b6b3-b0e9fac3e2dd
Obsbf82cab4033c59aaa0bb5285da14df94,OK,200,2255,https://dev-api.va.gov/services/fhir/v0/dstu2/Observation/bf82cab4-033c-59aa-a0bb-5285da14df94
Obsc146a5b7838455b9aaab981cf9bf0e7e,OK,200,2132,https://dev-api.va.gov/services/fhir/v0/dstu2/Observation/c146a5b7-8384-55b9-aaab-981cf9bf0e7e
Obsc1de7bc8b0a15c98bcf83a3b1ea6778b,OK,200,2715,https://dev-api.va.gov/services/fhir/v0/dstu2/Observation/c1de7bc8-b0a1-5c98-bcf8-3a3b1ea6778b
Obsc25aa9e5bebc5498a9a3c02fcbe25b72,OK,200,2370,https://dev-api.va.gov/services/fhir/v0/dstu2/Observation/c25aa9e5-bebc-5498-a9a3-c02fcbe25b72
Obsc75b1d64bf6d5240a7efd79c6da6355c,OK,200,1994,https://dev-api.va.gov/services/fhir/v0/dstu2/Observation/c75b1d64-bf6d-5240-a7ef-d79c6da6355c
Obsc7b10283e44b5925996202b2c8562317,OK,200,2360,https://dev-api.va.gov/services/fhir/v0/dstu2/Observation/c7b10283-e44b-5925-9962-02b2c8562317
Obsc855f06c31a95559aaffae669263a9f3,OK,200,2117,https://dev-api.va.gov/services/fhir/v0/dstu2/Observation/c855f06c-31a9-5559-aaff-ae669263a9f3
Obsc95f2e8c9b7858d7a88e14c9749b9453,OK,200,2783,https://dev-api.va.gov/services/fhir/v0/dstu2/Observation/c95f2e8c-9b78-58d7-a88e-14c9749b9453
Obsc9b6482ac3245825aae39f372f7a1323,OK,200,2373,https://dev-api.va.gov/services/fhir/v0/dstu2/Observation/c9b6482a-c324-5825-aae3-9f372f7a1323
Obsca58f823daef52508c110e4d082a7955,OK,200,2242,https://dev-api.va.gov/services/fhir/v0/dstu2/Observation/ca58f823-daef-5250-8c11-0e4d082a7955
Obscba744c619405ac68a9a3c12f9983267,OK,200,2051,https://dev-api.va.gov/services/fhir/v0/dstu2/Observation/cba744c6-1940-5ac6-8a9a-3c12f9983267
Obscc988a81ee2d56569f156687b2ca506b,OK,200,1800,https://dev-api.va.gov/services/fhir/v0/dstu2/Observation/cc988a81-ee2d-5656-9f15-6687b2ca506b
Obsce5de16f7ed257e190a1e536ba64646f,OK,200,1983,https://dev-api.va.gov/services/fhir/v0/dstu2/Observation/ce5de16f-7ed2-57e1-90a1-e536ba64646f
Obsce633adb8cf05228acc2d594326921d7,OK,200,2005,https://dev-api.va.gov/services/fhir/v0/dstu2/Observation/ce633adb-8cf0-5228-acc2-d594326921d7
Obscf4cb0f226ab562a84d1fdc0538f8a88,OK,200,2556,https://dev-api.va.gov/services/fhir/v0/dstu2/Observation/cf4cb0f2-26ab-562a-84d1-fdc0538f8a88
Obscfacd17e9a02579a976a8c3ed45b895b,OK,200,2754,https://dev-api.va.gov/services/fhir/v0/dstu2/Observation/cfacd17e-9a02-579a-976a-8c3ed45b895b
Obsd13b6c322eb75dafa289c72587e6c81e,OK,200,1968,https://dev-api.va.gov/services/fhir/v0/dstu2/Observation/d13b6c32-2eb7-5daf-a289-c72587e6c81e
Obsd26d8049164255c187d490f175579a55,OK,200,2193,https://dev-api.va.gov/services/fhir/v0/dstu2/Observation/d26d8049-1642-55c1-87d4-90f175579a55
Obsd38e1f3e98b4553c9d4d3e4bb9044254,OK,200,2422,https://dev-api.va.gov/services/fhir/v0/dstu2/Observation/d38e1f3e-98b4-553c-9d4d-3e4bb9044254
Obsd4e7c270ff275c94820e9dd6b6293bb3,OK,200,3035,https://dev-api.va.gov/services/fhir/v0/dstu2/Observation/d4e7c270-ff27-5c94-820e-9dd6b6293bb3
Obsd6601eebb2905965bcafa9632725c986,OK,200,2228,https://dev-api.va.gov/services/fhir/v0/dstu2/Observation/d6601eeb-b290-5965-bcaf-a9632725c986
Obsd7e8a536c5655243a78b16896cc9f520,OK,200,2130,https://dev-api.va.gov/services/fhir/v0/dstu2/Observation/d7e8a536-c565-5243-a78b-16896cc9f520
Obsd92dc677f47657f892a827adc4e28380,OK,200,2233,https://dev-api.va.gov/services/fhir/v0/dstu2/Observation/d92dc677-f476-57f8-92a8-27adc4e28380
Obsdc36bdab754b55668233e41870f49991,OK,200,2097,https://dev-api.va.gov/services/fhir/v0/dstu2/Observation/dc36bdab-754b-5566-8233-e41870f49991
Obsdf421e5a698955c1b137f1705c31944f,OK,200,1954,https://dev-api.va.gov/services/fhir/v0/dstu2/Observation/df421e5a-6989-55c1-b137-f1705c31944f
Obse61db929e71e5db18cc21e65b5175162,OK,200,2714,https://dev-api.va.gov/services/fhir/v0/dstu2/Observation/e61db929-e71e-5db1-8cc2-1e65b5175162
Obse746009cd7ad575e971d0722f0c18f17,OK,200,2031,https://dev-api.va.gov/services/fhir/v0/dstu2/Observation/e746009c-d7ad-575e-971d-0722f0c18f17
Obse80644d623c254a0a1158fc65d5aca4b,OK,200,2377,https://dev-api.va.gov/services/fhir/v0/dstu2/Observation/e80644d6-23c2-54a0-a115-8fc65d5aca4b
Obse89110edbc935161a19126b0ea639476,OK,200,2126,https://dev-api.va.gov/services/fhir/v0/dstu2/Observation/e89110ed-bc93-5161-a191-26b0ea639476
Obsea9d5b7d76695ee884d10c74c4e6bbd5,OK,200,1820,https://dev-api.va.gov/services/fhir/v0/dstu2/Observation/ea9d5b7d-7669-5ee8-84d1-0c74c4e6bbd5
Obseb0f9e8a1bf053f68e71bd28e26a463b,OK,200,2971,https://dev-api.va.gov/services/fhir/v0/dstu2/Observation/eb0f9e8a-1bf0-53f6-8e71-bd28e26a463b
Obsed311cfece09548a917a9289c5134694,OK,200,2169,https://dev-api.va.gov/services/fhir/v0/dstu2/Observation/ed311cfe-ce09-548a-917a-9289c5134694
Obsee41c02f80b150db82aa045f520e3fca,OK,200,3269,https://dev-api.va.gov/services/fhir/v0/dstu2/Observation/ee41c02f-80b1-50db-82aa-045f520e3fca
Obseed9d390ff2056a08be24cee777a5934,OK,200,2022,https://dev-api.va.gov/services/fhir/v0/dstu2/Observation/eed9d390-ff20-56a0-8be2-4cee777a5934
Obsf2b307a0a0685a7fb37376f4f1bfb02d,OK,200,1993,https://dev-api.va.gov/services/fhir/v0/dstu2/Observation/f2b307a0-a068-5a7f-b373-76f4f1bfb02d
Obsf490ee1c2aab5bd89cac38a94df051cc,OK,200,1999,https://dev-api.va.gov/services/fhir/v0/dstu2/Observation/f490ee1c-2aab-5bd8-9cac-38a94df051cc
Obsf4f4776494175f6494d70f2b1670ad76,OK,200,2693,https://dev-api.va.gov/services/fhir/v0/dstu2/Observation/f4f47764-9417-5f64-94d7-0f2b1670ad76
Obsf829b7169b8d518eb998bae41eb21147,OK,200,2134,https://dev-api.va.gov/services/fhir/v0/dstu2/Observation/f829b716-9b8d-518e-b998-bae41eb21147
Obsf8c058ab15435a278d39bef14501e670,OK,200,2621,https://dev-api.va.gov/services/fhir/v0/dstu2/Observation/f8c058ab-1543-5a27-8d39-bef14501e670
Obsf97641a5e4325a17aa30e2893144b4cb,OK,200,3452,https://dev-api.va.gov/services/fhir/v0/dstu2/Observation/f97641a5-e432-5a17-aa30-e2893144b4cb
Obsfcbaa247b58459919feffe3bea3b551e,OK,200,1961,https://dev-api.va.gov/services/fhir/v0/dstu2/Observation/fcbaa247-b584-5991-9fef-fe3bea3b551e
Pat1017283148V813263,OK,200,2295,https://dev-api.va.gov/services/argonaut/v0/Patient/1017283148V813263
Pat1017283148V813263,OK,200,3020,https://dev-api.va.gov/services/fhir/v0/dstu2/Patient/1017283148V813263
Patid1017283148V813263,OK,200,2347,https://dev-api.va.gov/services/argonaut/v0/Patient?_id=1017283148V813263
Pro46d629c583c15785ba2f115f7270ce41,OK,200,3087,https://dev-api.va.gov/services/fhir/v0/dstu2/Procedure/46d629c5-83c1-5785-ba2f-115f7270ce41
Pro9339bd5d30705d13b1f4404248540063,OK,200,4409,https://dev-api.va.gov/services/fhir/v0/dstu2/Procedure/9339bd5d-3070-5d13-b1f4-404248540063
ProP1017283148V813263,OK,200,1974,https://dev-api.va.gov/services/argonaut/v0/Procedure?patient=1017283148V813263
Prof677067531365f97bae4b29fe2f1b6fd,OK,200,3045,https://dev-api.va.gov/services/fhir/v0/dstu2/Procedure/f6770675-3136-5f97-bae4-b29fe2f1b6fd
